pop,neg_phi,k,bits,safety,cosafety,obligation,recurrence,persistence,brute,ms,note
comp,1state2ap2acc_parity_00258,1state2ap2acc_parity_00258_c,2,1,1,1,1,1,ok,0.6,
comp,1state2ap2acc_parity_00262_c,1state2ap2acc_parity_00262,4,1,1,1,1,1,ok,0.6,
comp,1state2ap2acc_parity_05640_c,1state2ap2acc_parity_05640,4,1,1,1,1,1,ok,0.6,
comp,1state3ap0acc_111,1state3ap0acc_111_c,1,1,1,1,1,1,ok,0.4,
comp,1state3ap0acc_127_c,1state3ap0acc_127,2,1,1,1,1,1,ok,0.5,
comp,1state3ap1acc_00984,1state3ap1acc_00984_c,1,1,1,1,1,1,ok,0.6,
comp,1state3ap1acc_01808,1state3ap1acc_01808_c,1,1,1,1,1,1,ok,0.6,
comp,1state3ap1acc_01816_c,1state3ap1acc_01816,5,1,1,1,1,1,ok,0.8,
comp,1state3ap1acc_05672_c,1state3ap1acc_05672,5,1,1,1,1,1,ok,0.8,
comp,1state3ap1acc_05768_c,1state3ap1acc_05768,5,1,1,1,1,1,ok,0.8,
comp,1state3ap1acc_06180,1state3ap1acc_06180_c,1,1,1,1,1,1,ok,0.6,
comp,1state3ap1acc_06564_c,1state3ap1acc_06564,5,1,1,1,1,1,ok,0.9,
comp,1state3ap1acc_06980,1state3ap1acc_06980_c,1,1,1,1,1,1,ok,0.7,
comp,1state3ap1acc_07108,1state3ap1acc_07108_c,1,1,1,1,1,1,ok,0.6,
comp,1state3ap1acc_07776_c,1state3ap1acc_07776,5,1,1,1,1,1,ok,0.9,
comp,1state3ap1acc_08032_c,1state3ap1acc_08032,5,1,1,1,1,1,ok,0.9,
comp,1state3ap1acc_27412_c,1state3ap1acc_27412,5,1,1,1,1,1,ok,0.9,
comp,1state3ap2acc_parity_4009950875,1state3ap2acc_parity_4009950875_c,2,1,1,1,1,1,ok,0.6,
comp,2state1ap1acc_00296,2state1ap1acc_00296_c,1,1,1,1,1,1,ok,0.8,
comp,2state1ap1acc_01120,2state1ap2acc_parity_0280437504,1,1,1,1,1,1,ok,0.8,
comp,2state1ap1acc_01668,2state1ap2acc_parity_1092894811,1,1,1,1,1,1,ok,0.7,
comp,2state1ap2acc_parity_0023610368_c,2state1ap2acc_parity_0023610368,12,1,1,1,1,1,ok,122.8,
comp,2state1ap2acc_parity_0082224640,2state1ap2acc_parity_0082224640_c,6,1,1,1,1,1,ok,1.6,
comp,2state1ap2acc_parity_0156533284,2state1ap2acc_parity_0156533284_c,6,1,1,1,1,1,ok,1.6,
comp,2state1ap2acc_parity_0361080842_c,2state1ap2acc_parity_0361080842,7,1,1,1,1,1,ok,6.2,
comp,2state1ap2acc_parity_0440717097,2state1ap2acc_parity_0440717097_c,2,1,1,1,1,1,ok,0.8,
comp,2state1ap2acc_parity_0585695318,2state1ap1acc_49414,3,1,1,1,1,1,ok,0.5,
comp,2state1ap2acc_parity_0682573952,2state1ap2acc_parity_0682573952_c,8,1,1,1,1,1,ok,8.0,
comp,2state1ap2acc_parity_1091584292,2state1ap2acc_parity_1091584292_c,3,1,1,1,1,1,ok,1.8,
comp,2state1ap2acc_parity_1100974856,2state1ap2acc_parity_1100974856_c,3,1,1,1,1,1,ok,1.7,
comp,2state1ap2acc_parity_1163278594_c,2state1ap2acc_parity_1163278594,2,1,1,1,1,1,ok,1.1,
comp,2state2ap1acc_parity_0048820304,2state2ap1acc_parity_0048820304_c,23,1,1,1,1,1,skip-bits,8.7,
comp,2state2ap1acc_parity_2306956557_c,2state2ap1acc_parity_2306956557,3,1,1,1,1,1,ok,0.6,
comp,2state2ap2acc_parity_00593706300350443922,2state2ap2acc_parity_00593706300350443922_c,34,1,1,1,1,1,skip-bits,4.4,
comp,2state2ap2acc_parity_00990318396378167694_c,2state2ap2acc_parity_00990318396378167694,4,1,1,1,1,1,ok,1.0,
comp,2state2ap2acc_parity_01025293266847957421,2state2ap2acc_parity_01025293266847957421_c,15,1,1,1,1,1,skip-bits,2.8,
comp,2state2ap2acc_parity_02307324137090008103_c,2state2ap2acc_parity_02307324137090008103,30,1,1,1,1,1,skip-bits,18.2,
comp,2state2ap2acc_parity_02479144338996496752,2state2ap2acc_parity_02479144338996496752_c,8,1,1,1,1,1,ok,5.9,
comp,2state2ap2acc_parity_03520663292383319141,2state2ap2acc_parity_03520663292383319141_c,6,1,1,1,1,1,ok,3.0,
comp,2state2ap2acc_parity_05928472454425936171,2state2ap2acc_parity_05928472454425936171_c,8,1,1,1,1,1,ok,5.4,
comp,2state2ap2acc_parity_07682050317558685146,2state2ap2acc_parity_07682050317558685146_c,17,1,1,1,1,1,skip-bits,1.4,
comp,2state2ap2acc_parity_08145707971420113983_c,2state2ap2acc_parity_08145707971420113983,4,1,1,1,1,1,ok,1.1,
comp,2state2ap2acc_parity_08428841554743566745_c,2state2ap2acc_parity_08428841554743566745,10,1,1,1,1,1,ok,87.7,
comp,2state2ap2acc_parity_09981525486868144193,2state2ap2acc_parity_09981525486868144193_c,11,1,1,1,1,1,ok,42.9,
comp,2state2ap2acc_parity_10415250806679194641_c,2state2ap2acc_parity_10415250806679194641,6,1,1,1,1,1,ok,5.5,
comp,2state2ap2acc_parity_11739460036733395036,2state2ap2acc_parity_11739460036733395036_c,12,1,1,1,1,1,ok,114.0,
comp,2state2ap2acc_parity_12726042477177204477_c,2state2ap2acc_parity_12726042477177204477,6,1,1,1,1,1,ok,3.3,
comp,2state2ap2acc_parity_16593697657777363039_c,2state2ap2acc_parity_16593697657777363039,8,1,1,1,1,1,ok,17.7,
comp,2state3ap1acc_parity_02396250507214873544,2state3ap1acc_parity_02396250507214873544_c,17,1,1,1,1,1,skip-bits,6.6,
comp,2state3ap1acc_parity_09661361070672199683,2state3ap1acc_parity_09661361070672199683_c,35,1,1,1,1,1,skip-bits,27.1,
comp,2state3ap1acc_parity_12123910208993388101_c,2state3ap1acc_parity_12123910208993388101,41,1,1,1,1,1,skip-bits,7.2,
comp,2state3ap1acc_parity_12762182339280483857_c,2state3ap1acc_parity_12762182339280483857,49,1,1,1,1,1,skip-bits,9.9,
comp,3state1ap0acc_004504,3state1ap0acc_004504_c,8,1,1,1,1,1,ok,10.6,
comp,3state1ap0acc_004649_c,3state1ap0acc_004649,6,1,1,1,1,1,ok,1.7,
comp,3state1ap0acc_005390,3state1ap0acc_005390_c,2,1,1,1,1,1,ok,2.7,
comp,3state1ap0acc_005669_c,3state1ap0acc_005669,5,1,1,1,1,1,ok,7.7,
comp,3state1ap0acc_006286_c,3state1ap0acc_006286,14,1,1,1,1,1,skip-bits,10.3,
comp,3state1ap0acc_006442,3state1ap0acc_006442_c,2,1,1,1,1,1,ok,3.5,
comp,3state1ap0acc_006670_c,3state1ap0acc_006670,24,1,1,1,1,1,skip-bits,21.3,
comp,3state1ap0acc_007433,3state1ap0acc_007433_c,15,1,1,1,1,1,skip-bits,19.8,
comp,3state1ap0acc_012556,3state1ap0acc_012556_c,3,1,1,1,1,1,ok,0.7,
comp,3state1ap0acc_012618,3state1ap1acc_04030993243,2,1,1,1,1,1,ok,0.7,
comp,3state1ap0acc_013384_c,3state1ap0acc_013384,4,1,1,1,1,1,ok,2.2,
comp,3state1ap0acc_013892_c,3state1ap0acc_013892,24,1,1,1,1,1,skip-bits,91.7,
comp,3state1ap0acc_020896,3state1ap0acc_020896_c,2,1,1,1,1,1,ok,2.1,
comp,3state1ap0acc_024648_c,3state1ap0acc_024648,4,1,1,1,1,1,ok,0.9,
comp,3state1ap0acc_024657_c,3state1ap0acc_024657,4,1,1,1,1,1,ok,1.9,
comp,3state1ap0acc_025168,3state1ap0acc_025168_c,10,1,1,1,1,1,ok,52.3,
comp,3state1ap0acc_026833,3state1ap0acc_026833_c,15,1,1,1,1,1,skip-bits,11.7,
comp,3state1ap0acc_029352,3state1ap0acc_029352_c,3,1,1,1,1,1,ok,2.3,
comp,3state1ap0acc_029708_c,3state1ap0acc_029708,14,1,1,1,1,1,skip-bits,144.7,
comp,3state1ap0acc_029773_c,3state1ap0acc_029773,9,1,1,1,1,1,ok,56.9,
comp,3state1ap0acc_029996,3state1ap0acc_029996_c,24,1,1,1,1,1,skip-bits,7.6,
comp,3state1ap0acc_030088,3state1ap0acc_030088_c,9,1,1,1,1,1,ok,37.8,
comp,3state1ap0acc_030733,3state1ap0acc_030733_c,5,1,1,1,1,1,ok,1.3,
comp,3state1ap0acc_030862_c,3state1ap0acc_030862,9,1,1,1,1,1,ok,53.6,
comp,3state1ap0acc_061512_c,3state1ap0acc_061512,2,1,1,1,1,1,ok,0.7,
comp,3state1ap0acc_069804,3state1ap0acc_069804_c,3,1,1,1,1,1,ok,1.4,
comp,3state1ap0acc_070292_c,3state1ap0acc_070292,4,1,1,1,1,1,ok,3.6,
comp,3state1ap0acc_073836,3state1ap0acc_073836_c,10,1,1,1,1,1,ok,25.6,
comp,3state1ap0acc_074008,3state1ap0acc_074008_c,8,1,1,1,1,1,ok,5.4,
comp,3state1ap0acc_074264,3state1ap0acc_074264_c,5,1,1,1,1,1,ok,1.4,
comp,3state1ap0acc_074380_c,3state1ap0acc_074380,5,1,1,1,1,1,ok,3.2,
comp,3state1ap0acc_075801_c,3state1ap0acc_075801,21,1,1,1,1,1,skip-bits,21.4,
comp,3state1ap0acc_080526_c,3state1ap0acc_080526,3,1,1,1,1,1,ok,1.5,
comp,3state1ap0acc_087196,3state1ap0acc_087196_c,10,1,1,1,1,1,ok,169.6,
comp,3state1ap0acc_090468,3state1ap0acc_090468_c,32,1,1,1,1,1,skip-bits,44.2,
comp,3state1ap0acc_090690_c,3state1ap0acc_090690,4,1,1,1,1,1,ok,0.7,
comp,3state1ap0acc_092169_c,3state1ap0acc_092169,9,1,1,1,1,1,ok,29.6,
comp,3state1ap0acc_092232_c,3state1ap0acc_092232,9,1,1,1,1,1,ok,29.9,
comp,3state1ap1acc_00712069129_c,3state1ap1acc_00712069129,3,1,1,1,1,1,ok,1.0,
comp,3state1ap1acc_21174945986,3state1ap1acc_21174945986_c,9,1,1,1,1,1,ok,17.0,
comp,3state1ap1acc_23689824842,2state1ap2acc_parity_0017110190,4,1,1,1,1,1,ok,0.8,
comp,3state1ap1acc_parity_00236788304,3state1ap1acc_parity_00236788304_c,10,1,1,1,1,1,ok,17.7,
comp,3state1ap1acc_parity_20955287557_c,3state1ap1acc_parity_20955287557,5,1,1,1,1,1,ok,0.9,
comp,3state1ap1acc_parity_34966176896_c,3state1ap1acc_parity_34966176896,2,1,1,1,1,1,ok,0.6,
comp,3state2ap2acc_parity_02284358745523128216082048260589868160193796_c,3state2ap2acc_parity_02284358745523128216082048260589868160193796,2,1,1,1,1,1,ok,0.8,
comp,4state1ap1acc_parity_05344102879891627920_c,4state1ap1acc_parity_05344102879891627920,4,1,1,1,1,1,ok,3.3,
comp,4state1ap1acc_parity_05552965279820131111_c,4state1ap1acc_parity_05552965279820131111,3,1,1,1,1,1,ok,0.9,
comp,4state2ap1acc_parity_216913534712549064574886800825391398934,4state2ap1acc_parity_216913534712549064574886800825391398934_c,5,1,1,1,1,1,ok,0.9,
fwd,1state1ap0acc_3,1state1ap0acc_0,1,1,1,1,1,1,ok,0.7,
fwd,1state2ap1acc_018_c,2state2ap1acc_parity_2455687333_c,6,1,1,1,1,1,ok,1.2,
fwd,1state2ap2acc_00300_c,2state2ap2acc_parity_09863644550122525712,31,0,0,0,0,1,skip-bits,7.6,
fwd,1state2ap2acc_00386,3state2ap2acc_parity_19292204062434739838585513977313286700953855_c,43,1,1,1,1,1,skip-bits,4.2,
fwd,1state2ap2acc_00960,1state2ap2acc_parity_00780,3,1,1,1,1,1,ok,0.5,
fwd,1state2ap2acc_parity_00266_c,2state2ap2acc_parity_14459783819944657321_c,11,1,1,1,1,1,ok,67.8,
fwd,1state2ap2acc_parity_00772,3state2ap2acc_parity_06159861430659382172806574419318109950313840,27,0,0,0,0,1,skip-bits,53.6,
fwd,1state2ap2acc_parity_00772_c,3state2ap2acc_parity_05744229146499564561388240723307926009780705,41,0,0,0,1,0,skip-bits,43.1,
fwd,1state2ap2acc_parity_06150_c,2state2ap2acc_parity_12856971236255351261,9,1,1,1,1,1,ok,12.4,
fwd,1state2ap3acc_parity_0178405888,2state2ap2acc_parity_04964710546502961656,6,0,0,0,0,0,ok,4.0,
fwd,1state3ap0acc_060,1state3ap1acc_00828,8,1,1,1,1,1,ok,3.2,
fwd,1state3ap1acc_00390,1state3ap1acc_06436,11,0,0,0,1,0,ok,30.8,
fwd,1state3ap1acc_00398_c,2state3ap1acc_parity_00865795744191920295,35,0,0,0,0,1,skip-bits,6.8,
fwd,1state3ap1acc_00446,1state3ap0acc_127_c,3,0,0,0,1,0,ok,0.9,
fwd,1state3ap1acc_00488_c,2state3ap1acc_parity_17019428005131849826_c,38,0,1,1,1,1,skip-bits,9.0,
fwd,1state3ap1acc_00788,1state3ap1acc_06916_c,6,0,0,0,1,0,ok,3.0,
fwd,1state3ap1acc_00796,2state3ap1acc_parity_08649156823177511470_c,37,0,0,0,1,0,skip-bits,16.5,
fwd,1state3ap1acc_00840,2state3ap1acc_parity_09661361070672199683_c,45,0,0,0,1,0,skip-bits,49.0,
fwd,1state3ap1acc_00876_c,1state3ap1acc_00386_c,1,0,0,0,0,1,ok,1.0,
fwd,1state3ap1acc_01537_c,1state3ap1acc_07777_c,3,0,0,0,0,1,ok,1.1,
fwd,1state3ap1acc_01569_c,1state3ap1acc_06528_c,3,0,0,0,0,1,ok,1.3,
fwd,1state3ap1acc_01785,2state3ap1acc_parity_14104290084247047862_c,6,1,1,1,1,1,ok,1.4,
fwd,1state3ap1acc_04080_c,1state3ap0acc_015_c,1,0,0,0,0,1,ok,0.4,
fwd,1state3ap1acc_05641_c,2state3ap1acc_parity_01190702083017216040_c,78,0,0,0,0,1,skip-bits,50.6,
fwd,1state3ap1acc_05800,1state3ap1acc_07777_c,6,0,0,0,1,0,ok,2.4,
fwd,1state3ap1acc_05992_c,1state3ap1acc_01936,30,0,0,0,0,1,skip-bits,1.5,
fwd,1state3ap1acc_06180_c,1state3ap1acc_02040_c,6,0,0,0,0,1,ok,2.1,
fwd,1state3ap1acc_06530,1state3ap1acc_32257,30,0,0,0,1,0,skip-bits,1.4,
fwd,1state3ap1acc_06564,2state3ap1acc_parity_07669827159049524354_c,63,0,0,0,1,0,skip-bits,20.1,
fwd,1state3ap1acc_06976,1state3ap1acc_01777,9,1,1,1,1,1,ok,6.7,
fwd,1state3ap1acc_07681,1state3ap1acc_01713,15,0,0,0,1,0,skip-bits,1.1,
fwd,1state3ap1acc_07809_c,2state3ap1acc_parity_01644858810352803401,160,0,0,0,0,1,skip-bits,39.4,
fwd,1state3ap1acc_07904,2state3ap1acc_parity_02614646715407461635_c,28,0,0,0,1,0,skip-bits,11.4,
fwd,1state3ap1acc_08032,2state3ap1acc_parity_00865795744191920295,37,0,0,0,1,0,skip-bits,9.0,
fwd,1state3ap1acc_08064_c,1state3ap1acc_05801,15,1,1,1,1,1,skip-bits,1.0,
fwd,1state3ap1acc_32257_c,2state3ap1acc_parity_01766513145226448584,101,0,0,0,0,1,skip-bits,30.8,
fwd,1state3ap2acc_parity_0179243810_c,1state3ap1acc_02725,9,0,1,1,1,1,ok,7.0,
fwd,2state1ap0acc_053,3state1ap0acc_004504_c,14,1,0,1,1,1,skip-bits,14.1,
fwd,2state1ap0acc_053,3state1ap0acc_024800,19,1,0,1,1,1,skip-bits,6.0,
fwd,2state1ap1acc_06532,2state1ap2acc_parity_0717635593,12,0,1,1,1,1,ok,103.1,
fwd,2state1ap1acc_16912,3state1ap0acc_013641_c,15,1,1,1,1,1,skip-bits,6.0,
fwd,2state1ap1acc_18050_c,2state1ap1acc_05250_c,5,0,0,0,0,1,ok,2.7,
fwd,2state1ap1acc_50306,3state1ap0acc_025708,12,0,0,0,1,0,ok,212.7,
fwd,2state1ap2acc_parity_0002114561,3state1ap0acc_074056,17,1,0,1,1,1,skip-bits,2.7,
fwd,2state1ap2acc_parity_0004538925_c,2state1ap1acc_05196_c,8,0,0,0,1,0,ok,23.5,
fwd,2state1ap2acc_parity_0004822272,2state1ap1acc_01176,22,0,0,0,0,1,skip-bits,4.1,
fwd,2state1ap2acc_parity_0005036034_c,3state1ap0acc_075942_c,27,0,0,0,0,0,skip-bits,43.8,
fwd,2state1ap2acc_parity_0006272130,3state1ap0acc_004756,18,0,0,0,0,0,skip-bits,3.4,
fwd,2state1ap2acc_parity_0008557064,3state1ap0acc_025109_c,6,0,0,0,0,0,ok,10.3,
fwd,2state1ap2acc_parity_0015632386_c,2state1ap2acc_parity_0005327658,48,0,0,0,1,0,skip-bits,28.2,
fwd,2state1ap2acc_parity_0039407872,3state1ap0acc_024916_c,7,0,0,0,0,1,ok,17.3,
fwd,2state1ap2acc_parity_0047726660_c,3state1ap0acc_006328_c,20,0,0,0,0,0,skip-bits,66.9,
fwd,2state1ap2acc_parity_0067828500_c,3state1ap0acc_073865,7,0,0,0,1,0,ok,3.5,
fwd,2state1ap2acc_parity_0094315016,3state1ap1acc_10821896874_c,25,0,0,0,0,1,skip-bits,5.3,
fwd,2state1ap2acc_parity_0138758442,4state1ap2acc_parity_000632489122214258973456250121784938822,17,0,0,0,0,1,skip-bits,23.3,
fwd,2state1ap2acc_parity_0285476138_c,3state1ap1acc_01343514762_c,8,0,0,0,1,0,ok,22.5,
fwd,2state1ap2acc_parity_0352460833_c,3state1ap0acc_070788_c,7,0,0,0,1,0,ok,17.5,
fwd,2state1ap2acc_parity_0541081603,3state1ap0acc_073800_c,2,0,0,0,0,0,ok,2.7,
fwd,2state1ap2acc_parity_0574882177,3state1ap0acc_073868_c,8,0,0,0,0,1,ok,7.5,
fwd,2state1ap2acc_parity_0682573952_c,3state1ap0acc_006188,34,0,0,0,1,0,skip-bits,16.3,
fwd,2state1ap2acc_parity_1083056266,3state1ap0acc_071702,74,0,0,0,0,0,skip-bits,224.8,
fwd,2state1ap2acc_parity_1164845312,3state1ap0acc_004628_c,2,0,0,0,0,0,ok,1.3,
fwd,2state1ap2acc_parity_1297172901,3state1ap0acc_005800,26,0,0,0,0,1,skip-bits,31.6,
fwd,2state1ap2acc_parity_2290440257,3state1ap0acc_079444,19,0,0,0,1,0,skip-bits,29.1,
fwd,2state1ap2acc_parity_2290440257_c,3state1ap0acc_073865,10,0,0,0,0,1,ok,26.2,
fwd,2state1ap2acc_parity_2292326218,2state1ap2acc_parity_0715295236,16,1,1,1,1,1,skip-bits,2.2,
fwd,2state1ap2acc_parity_2292326218,3state1ap0acc_005286_c,23,0,0,0,1,0,skip-bits,52.4,
fwd,2state1ap2acc_parity_2726576129_c,3state1ap1acc_06712019249,48,0,0,0,0,0,skip-bits,27.5,
fwd,2state2ap1acc_parity_0030441824_c,3state2ap2acc_parity_14187696287525319699726623503636843130614373,47,0,0,0,0,0,skip-bits,190.8,
fwd,2state2ap1acc_parity_1642596627,3state2ap2acc_parity_07640798032698989284855753784519901965426725,20,0,0,0,0,0,skip-bits,226.7,
fwd,2state2ap1acc_parity_3024546618_c,2state2ap1acc_parity_3289547584,17,0,0,0,0,1,skip-bits,3.0,
fwd,2state2ap2acc_parity_00111729103757431907,3state2ap2acc_parity_14640345009540178756934700191540411232346135_c,194,0,0,0,0,0,skip-bits,62.7,
fwd,2state2ap2acc_parity_00289891630156527747_c,2state2ap1acc_parity_0139740170_c,14,0,0,0,0,0,skip-bits,5.8,
fwd,2state2ap2acc_parity_00495951104014606457,3state2ap2acc_parity_05646301230268628350670752252735482621755525,80,0,0,0,0,0,skip-bits,1230.7,
fwd,2state2ap2acc_parity_01025293266847957421,2state2ap2acc_parity_02613231945794024176,95,0,0,0,0,1,skip-bits,99.6,
fwd,2state2ap2acc_parity_01300381873082871896_c,2state2ap2acc_parity_00732443274184804514_c,76,1,1,1,1,1,skip-bits,15.3,
fwd,2state2ap2acc_parity_01838757176823623953,3state2ap2acc_parity_01547795618021375473617303844850997545774316_c,12,0,0,0,0,1,ok,137.1,
fwd,2state2ap2acc_parity_02406207182630619308_c,2state2ap2acc_parity_11589610070952749602_c,55,0,0,0,0,0,skip-bits,46.9,
fwd,2state2ap2acc_parity_02479144338996496752_c,2state2ap2acc_parity_00289891630156527747_c,36,0,0,0,1,0,skip-bits,5.4,
fwd,2state2ap2acc_parity_02590837127116143237_c,1state2ap0acc_06,26,1,1,1,1,1,skip-bits,1.9,
fwd,2state2ap2acc_parity_03377207403598746866_c,3state2ap2acc_parity_11216132919718599426484354168135068180600985,45,0,0,0,0,0,skip-bits,676.9,
fwd,2state2ap2acc_parity_03465359446847513186_c,2state2ap2acc_parity_04630318344642327802,78,0,0,0,1,0,skip-bits,46.5,
fwd,2state2ap2acc_parity_03598501441036968601,2state2ap2acc_parity_02338443166392502418,77,0,0,0,0,0,skip-bits,1576.5,
fwd,2state2ap2acc_parity_03644846996254608138_c,2state2ap2acc_parity_09615319376540246571,10,0,0,0,0,1,ok,24.6,
fwd,2state2ap2acc_parity_03926171514245816491_c,2state2ap2acc_parity_12125081597581071066_c,41,0,0,0,0,0,skip-bits,37.7,
fwd,2state2ap2acc_parity_03965744933853960312_c,3state2ap2acc_parity_18140904740152146744090750607020588661123804,27,0,0,0,0,0,skip-bits,2024.9,
fwd,2state2ap2acc_parity_04727523500524286007,2state2ap2acc_parity_02412135448199726114_c,77,0,0,0,0,1,skip-bits,23.8,
fwd,2state2ap2acc_parity_05031259995512837208_c,2state2ap2acc_parity_11209796727779668548,191,0,0,0,0,0,skip-bits,293.5,
fwd,2state2ap2acc_parity_05207513304957954670,3state2ap2acc_parity_02225287432583565045627619612700794790776537_c,52,0,1,1,1,1,skip-bits,12.5,
fwd,2state2ap2acc_parity_05522610772710766970_c,2state2ap2acc_parity_17362277832879126548,55,0,0,0,0,0,skip-bits,53.4,
fwd,2state2ap2acc_parity_05983266170514214042,3state2ap2acc_parity_12403977564925508453551236462067085934910282_c,28,1,1,1,1,1,skip-bits,3.8,
fwd,2state2ap2acc_parity_06360534675873411890_c,2state2ap1acc_parity_4042692746,12,0,0,0,0,0,ok,188.2,
fwd,2state2ap2acc_parity_06706656653999847593_c,2state2ap2acc_parity_05770070685202830714,66,0,0,0,0,0,skip-bits,128.2,
fwd,2state2ap2acc_parity_06706656653999847593_c,3state2ap2acc_parity_06313475381795330209467421463533420155064625_c,124,0,0,0,1,0,skip-bits,811.3,
fwd,2state2ap2acc_parity_07285067545879021657_c,2state2ap2acc_parity_04906201296742293504,189,0,0,0,0,0,skip-bits,428.7,
fwd,2state2ap2acc_parity_08130995486210534005,2state2ap2acc_parity_02324350295120187772_c,211,0,0,0,0,0,skip-bits,362.4,
fwd,2state2ap2acc_parity_08509043498043523396_c,4state2ap1acc_parity_216913534712549064574886800825391398934_c,26,1,1,1,1,1,skip-bits,4.8,
fwd,2state2ap2acc_parity_09303125106357635126_c,1state2ap0acc_01,7,1,1,1,1,1,ok,2.6,
fwd,2state2ap2acc_parity_09340193533924172070,3state2ap2acc_parity_17256777809672929554857622979850165510394022,11,0,0,0,0,0,ok,135.2,
fwd,2state2ap2acc_parity_09669650752595937080,2state2ap2acc_parity_00495951104014606457_c,22,0,0,0,1,0,skip-bits,6.8,
fwd,2state2ap2acc_parity_10439520783294077228,3state2ap2acc_parity_19513157098239232108232341494837416149158789,133,0,0,0,0,0,skip-bits,958.5,
fwd,2state2ap2acc_parity_10956058418304074776_c,3state2ap2acc_parity_11352125598174738554908919375056653404965564,29,1,0,1,1,1,skip-bits,67.3,
fwd,2state2ap2acc_parity_11316808124643219609,3state2ap1acc_parity_3585895366144295765516_c,33,1,1,1,1,1,skip-bits,5.6,
fwd,2state2ap2acc_parity_11740941019044962404,3state2ap1acc_parity_3585895366144295765516,1,0,0,0,0,0,ok,8.4,
fwd,2state2ap2acc_parity_11862219100637939786_c,3state2ap1acc_parity_1967668635396872344074_c,93,0,0,0,0,0,skip-bits,24.9,
fwd,2state2ap2acc_parity_12000547282478703909_c,2state2ap2acc_parity_02406207182630619308,23,0,0,0,0,1,skip-bits,7.4,
fwd,2state2ap2acc_parity_12005792140375715561_c,1state2ap2acc_00416,35,0,0,0,0,0,skip-bits,3.7,
fwd,2state2ap2acc_parity_12726042477177204477,1state2ap1acc_105,15,0,0,0,0,0,skip-bits,2.1,
fwd,2state2ap2acc_parity_12728864607586338936_c,4state2ap1acc_parity_128630394002267607203457118552609683947,8,0,0,0,0,0,ok,24.5,
fwd,2state2ap2acc_parity_15568350751340371263,2state2ap2acc_parity_00082015929639258213_c,111,0,0,0,0,1,skip-bits,132.5,
fwd,2state3ap1acc_parity_00865795744191920295,1state3ap1acc_00494_c,20,0,0,0,0,0,skip-bits,5.2,
fwd,2state3ap1acc_parity_01100260466741905549_c,2state3ap1acc_parity_18211550331080462848,123,0,0,0,0,0,skip-bits,269.2,
fwd,2state3ap1acc_parity_01644858810352803401,2state3ap1acc_parity_08035544545379117594_c,251,0,0,0,0,0,skip-bits,342.1,
fwd,2state3ap1acc_parity_01830543289898687049_c,1state3ap1acc_06147,70,1,1,1,1,1,skip-bits,8.0,
fwd,2state3ap1acc_parity_02398314845859828916,2state3ap1acc_parity_14818256413007078534_c,225,0,0,0,0,0,skip-bits,419.7,
fwd,2state3ap1acc_parity_03229356971305243857_c,2state3ap1acc_parity_12420149321583670028,193,0,0,0,0,1,skip-bits,76.4,
fwd,2state3ap1acc_parity_05265621111752452744,2state3ap1acc_parity_10541487760048391324_c,157,0,0,0,0,0,skip-bits,221.4,
fwd,2state3ap1acc_parity_08801613791090661145_c,1state3ap1acc_00792,55,1,1,1,1,1,skip-bits,5.1,
fwd,2state3ap1acc_parity_10562312272641601060,1state3ap1acc_01777_c,70,0,0,0,0,0,skip-bits,27.2,
fwd,2state3ap1acc_parity_10819738732151771304,1state3ap0acc_023,65,0,0,0,1,0,skip-bits,7.0,
fwd,2state3ap1acc_parity_12248783858467312927_c,1state3ap1acc_06145_c,2,0,1,1,1,1,ok,1.6,
fwd,2state3ap1acc_parity_12253434782604436768,1state3ap1acc_06120_c,90,0,0,0,1,0,skip-bits,72.3,
fwd,2state3ap1acc_parity_17019428005131849826,2state3ap1acc_parity_05706837261896771984_c,118,0,0,0,0,0,skip-bits,643.7,
fwd,3state1ap0acc_004392,3state1ap1acc_20401758904_c,12,1,0,1,1,1,ok,361.1,
fwd,3state1ap0acc_004612,3state1ap0acc_013641,7,1,0,1,1,1,ok,10.5,
fwd,3state1ap0acc_004741,3state1ap0acc_024802,8,1,1,1,1,1,ok,17.1,
fwd,3state1ap0acc_004756_c,2state1ap1acc_16899,1,0,1,1,1,1,ok,1.6,
fwd,3state1ap0acc_004772,3state1ap0acc_086156_c,18,1,0,1,1,1,skip-bits,10.4,
fwd,3state1ap0acc_004772_c,3state1ap0acc_021920_c,15,0,1,1,1,1,skip-bits,42.3,
fwd,3state1ap0acc_005148,3state1ap0acc_074472,19,1,0,1,1,1,skip-bits,77.3,
fwd,3state1ap0acc_005514,3state1ap0acc_024720_c,7,1,0,1,1,1,ok,26.1,
fwd,3state1ap0acc_005514,3state1ap0acc_080964_c,60,1,0,1,1,1,skip-bits,273.1,
fwd,3state1ap0acc_005652,3state1ap0acc_004280_c,8,1,0,1,1,1,ok,393.4,
fwd,3state1ap0acc_005764_c,3state1ap0acc_030856_c,20,0,1,1,1,1,skip-bits,42.7,
fwd,3state1ap0acc_005769_c,3state1ap0acc_030729,42,0,1,1,1,1,skip-bits,475.1,
fwd,3state1ap0acc_005800_c,2state1ap2acc_parity_0572212224,23,0,1,1,1,1,skip-bits,50.6,
fwd,3state1ap0acc_006153,3state1ap0acc_026833_c,22,1,0,1,1,1,skip-bits,53.5,
fwd,3state1ap0acc_006440_c,3state1ap0acc_075812,39,0,1,1,1,1,skip-bits,236.0,
fwd,3state1ap0acc_006478_c,3state1ap0acc_081476_c,33,1,1,1,1,1,skip-bits,21.7,
fwd,3state1ap0acc_006662_c,4state1ap2acc_parity_002914461322280394910983122525890915648,37,0,1,1,1,1,skip-bits,66.4,
fwd,3state1ap0acc_007190_c,2state1ap2acc_parity_0571753498,45,0,1,1,1,1,skip-bits,213.3,
fwd,3state1ap0acc_007198_c,3state1ap0acc_080004_c,12,0,1,1,1,1,ok,2198.1,
fwd,3state1ap0acc_007214,3state1ap0acc_024707,25,1,1,1,1,1,skip-bits,14.0,
fwd,3state1ap0acc_007432,3state1ap0acc_078340,21,1,1,1,1,1,skip-bits,7.9,
fwd,3state1ap0acc_007434,3state1ap0acc_026641,21,1,0,1,1,1,skip-bits,12.7,
fwd,3state1ap0acc_007436,3state1ap0acc_029734_c,121,1,0,1,1,1,skip-bits,7795.5,
fwd,3state1ap0acc_007438_c,3state1ap0acc_024680_c,15,0,1,1,1,1,skip-bits,99.9,
fwd,3state1ap0acc_007448_c,3state1ap0acc_021104_c,100,0,1,1,1,1,skip-bits,4233.5,
fwd,3state1ap0acc_007468,3state1ap0acc_030856,32,1,1,1,1,1,skip-bits,40.3,
fwd,3state1ap0acc_007560_c,3state1ap0acc_029734_c,66,0,1,1,1,1,skip-bits,964.7,
fwd,3state1ap0acc_008292_c,3state1ap0acc_021108,35,1,1,1,1,1,skip-bits,93.2,
fwd,3state1ap0acc_012366,3state1ap0acc_092174,20,1,0,1,1,1,skip-bits,123.8,
fwd,3state1ap0acc_012388_c,3state1ap0acc_075782,46,0,1,1,1,1,skip-bits,66.5,
fwd,3state1ap0acc_012552,4state1ap2acc_parity_189524291821398297457560207943178585638,1,1,0,1,1,1,ok,2.4,
fwd,3state1ap0acc_012620_c,3state1ap0acc_069828,28,1,1,1,1,1,skip-bits,12.6,
fwd,3state1ap0acc_013384_c,3state1ap1acc_19337320362_c,7,1,1,1,1,1,ok,17.2,
fwd,3state1ap0acc_013385,2state1ap2acc_parity_0004891914_c,8,1,0,1,1,1,ok,30.2,
fwd,3state1ap0acc_013645,2state1ap2acc_parity_0022079492_c,15,1,0,1,1,1,skip-bits,35.1,
fwd,3state1ap0acc_013645_c,3state1ap0acc_024948_c,24,0,1,1,1,1,skip-bits,175.9,
fwd,3state1ap0acc_013676,3state1ap2acc_parity_0171234438415938685971_c,42,1,0,1,1,1,skip-bits,30.4,
fwd,3state1ap0acc_015365,3state1ap0acc_030724_c,21,1,0,1,1,1,skip-bits,37.6,
fwd,3state1ap0acc_015380_c,4state1ap1acc_parity_00811778505763562526,18,0,1,1,1,1,skip-bits,38.4,
fwd,3state1ap0acc_020556,2state1ap2acc_parity_0069045002,11,1,0,1,1,1,ok,49.8,
fwd,3state1ap0acc_020620_c,3state1ap0acc_031752,21,0,1,1,1,1,skip-bits,12.3,
fwd,3state1ap0acc_020652_c,3state1ap0acc_078924,21,0,1,1,1,1,skip-bits,140.0,
fwd,3state1ap0acc_020738,3state1ap1acc_21642354752_c,6,1,0,1,1,1,ok,2.9,
fwd,3state1ap0acc_021025_c,2state1ap0acc_026_c,1,0,1,1,1,1,ok,1.5,
fwd,3state1ap0acc_021657,3state1ap0acc_070360,75,1,0,1,1,1,skip-bits,931.2,
fwd,3state1ap0acc_021922,3state1ap0acc_090625,20,1,1,1,1,1,skip-bits,12.5,
fwd,3state1ap0acc_024654,3state1ap0acc_022632_c,3,1,0,1,1,1,ok,7.8,
fwd,3state1ap0acc_024673,3state1ap0acc_029769_c,25,1,0,1,1,1,skip-bits,98.7,
fwd,3state1ap0acc_024684_c,3state1ap0acc_007716_c,57,0,1,1,1,1,skip-bits,1865.5,
fwd,3state1ap0acc_024692,3state1ap0acc_029966,75,1,0,1,1,1,skip-bits,2771.5,
fwd,3state1ap0acc_024708_c,2state1ap2acc_parity_0006272130_c,10,0,1,1,1,1,ok,23.1,
fwd,3state1ap0acc_024841,3state1ap0acc_006472_c,3,1,0,1,1,1,ok,4.7,
fwd,3state1ap0acc_024857_c,3state1ap0acc_080068_c,20,0,1,1,1,1,skip-bits,14.4,
fwd,3state1ap0acc_024946,3state1ap0acc_091682,23,1,0,1,1,1,skip-bits,99.8,
fwd,3state1ap0acc_025093_c,3state1ap0acc_004645_c,5,0,1,1,1,1,ok,3.7,
fwd,3state1ap0acc_025112_c,3state1ap0acc_020920_c,30,0,1,1,1,1,skip-bits,31.2,
fwd,3state1ap0acc_025136,3state1ap0acc_005286,50,1,0,1,1,1,skip-bits,84.1,
fwd,3state1ap0acc_025136_c,3state1ap0acc_030028_c,30,0,1,1,1,1,skip-bits,37.3,
fwd,3state1ap0acc_025137,3state1ap1acc_parity_52747897074,5,1,0,1,1,1,ok,5.6,
fwd,3state1ap0acc_025244,3state1ap2acc_parity_1282704417945169446419,32,1,0,1,1,1,skip-bits,107.6,
fwd,3state1ap0acc_025253_c,3state1ap0acc_091236,49,0,1,1,1,1,skip-bits,575.7,
fwd,3state1ap0acc_025296_c,3state1ap0acc_030862_c,73,0,1,1,1,1,skip-bits,1178.5,
fwd,3state1ap0acc_025312,2state1ap2acc_parity_0005106434_c,36,1,0,1,1,1,skip-bits,36.6,
fwd,3state1ap0acc_025320_c,3state1ap0acc_030213,75,0,1,1,1,1,skip-bits,1138.2,
fwd,3state1ap0acc_025625,3state1ap0acc_071308_c,22,1,0,1,1,1,skip-bits,107.9,
fwd,3state1ap0acc_025632,3state1ap0acc_073993,14,1,0,1,1,1,skip-bits,2.0,
fwd,3state1ap0acc_025893,4state1ap1acc_parity_00252217007046873636,4,1,0,1,1,1,ok,74.6,
fwd,3state1ap0acc_026641_c,3state1ap0acc_012568,26,0,1,1,1,1,skip-bits,14.4,
fwd,3state1ap0acc_026642_c,3state1ap0acc_077961,30,0,1,1,1,1,skip-bits,21.4,
fwd,3state1ap0acc_026644_c,3state1ap0acc_090212_c,78,0,1,1,1,1,skip-bits,563.7,
fwd,3state1ap0acc_026653_c,3state1ap0acc_005402,71,0,1,1,1,1,skip-bits,308.2,
fwd,3state1ap0acc_026684,3state1ap0acc_025264_c,171,1,0,1,1,1,skip-bits,3505.0,
fwd,3state1ap0acc_026772_c,2state1ap2acc_parity_0001191050_c,25,0,1,1,1,1,skip-bits,13.4,
fwd,3state1ap0acc_029028,3state1ap1acc_45103587365_c,7,1,0,1,1,1,ok,161.7,
fwd,3state1ap0acc_029966_c,3state1ap0acc_078948,17,0,1,1,1,1,skip-bits,110.1,
fwd,3state1ap0acc_029976,3state1ap0acc_078858,42,1,0,1,1,1,skip-bits,336.7,
fwd,3state1ap0acc_029996,3state1ap0acc_077128,71,1,0,1,1,1,skip-bits,157.2,
fwd,3state1ap0acc_030024_c,3state1ap0acc_012614,15,0,1,1,1,1,skip-bits,10.0,
fwd,3state1ap0acc_030112,3state1ap0acc_004424,31,1,0,1,1,1,skip-bits,20.3,
fwd,3state1ap0acc_030120,2state1ap0acc_106_c,10,1,1,1,1,1,ok,126.3,
fwd,3state1ap0acc_030240_c,3state1ap1acc_parity_08657112224_c,14,0,1,1,1,1,skip-bits,7.6,
fwd,3state1ap0acc_030733,3state1ap0acc_030726,11,1,1,1,1,1,ok,124.7,
fwd,3state1ap0acc_030733_c,3state1ap0acc_005288_c,2,0,1,1,1,1,ok,4.1,
fwd,3state1ap0acc_031010,3state1ap0acc_075972,43,1,0,1,1,1,skip-bits,169.9,
fwd,3state1ap0acc_031384_c,3state1ap0acc_030225,84,0,1,1,1,1,skip-bits,892.4,
fwd,3state1ap0acc_069704,3state1ap0acc_030056_c,10,1,0,1,1,1,ok,31.7,
fwd,3state1ap0acc_069804_c,3state1ap1acc_46475546712_c,57,1,1,1,1,1,skip-bits,16.6,
fwd,3state1ap0acc_070056_c,2state1ap2acc_parity_0004496645,40,1,1,1,1,1,skip-bits,11.1,
fwd,3state1ap0acc_071308_c,2state1ap2acc_parity_2751987743,9,0,1,1,1,1,ok,105.7,
fwd,3state1ap0acc_071702_c,3state1ap0acc_004452,49,1,1,1,1,1,skip-bits,57.8,
fwd,3state1ap0acc_071880_c,3state1ap0acc_081032_c,34,0,1,1,1,1,skip-bits,292.5,
fwd,3state1ap0acc_072334_c,2state1ap2acc_parity_0004295586_c,4,1,1,1,1,1,ok,7.8,
fwd,3state1ap0acc_072710_c,3state1ap0acc_074309,119,0,1,1,1,1,skip-bits,983.9,
fwd,3state1ap0acc_074260_c,2state1ap1acc_03170,12,0,1,1,1,1,ok,183.0,
fwd,3state1ap0acc_074325,2state1ap1acc_06536,18,1,0,1,1,1,skip-bits,19.3,
fwd,3state1ap0acc_074388_c,3state1ap1acc_00265838612_c,7,0,1,1,1,1,ok,24.5,
fwd,3state1ap0acc_074412_c,3state1ap1acc_35769115713,30,0,1,1,1,1,skip-bits,236.0,
fwd,3state1ap0acc_074436_c,3state1ap0acc_004788_c,23,0,1,1,1,1,skip-bits,28.7,
fwd,3state1ap0acc_074829_c,2state1ap2acc_parity_0574882177,10,0,1,1,1,1,ok,81.9,
fwd,3state1ap0acc_075285_c,3state1ap0acc_076317,21,0,1,1,1,1,skip-bits,86.7,
fwd,3state1ap0acc_075333_c,3state1ap0acc_023089,75,0,1,1,1,1,skip-bits,369.8,
fwd,3state1ap0acc_075785,3state1ap1acc_parity_08657112224_c,31,1,0,1,1,1,skip-bits,14.9,
fwd,3state1ap0acc_075820_c,4state1ap1acc_parity_14195417222003932486,8,0,1,1,1,1,ok,172.8,
fwd,3state1ap0acc_075860_c,3state1ap0acc_079400_c,35,0,1,1,1,1,skip-bits,38.1,
fwd,3state1ap0acc_076074,3state1ap0acc_071822,43,1,0,1,1,1,skip-bits,107.7,
fwd,3state1ap0acc_076868,2state1ap2acc_parity_1413644800,92,1,0,1,1,1,skip-bits,87.7,
fwd,3state1ap0acc_077380_c,3state1ap1acc_20552143008_c,32,0,1,1,1,1,skip-bits,46.7,
fwd,3state1ap0acc_077976,3state1ap1acc_parity_37586212922_c,18,1,0,1,1,1,skip-bits,5.9,
fwd,3state1ap0acc_078024,3state1ap0acc_021928,15,1,0,1,1,1,skip-bits,4.1,
fwd,3state1ap0acc_078152_c,4state1ap1acc_parity_04902587422865489929,5,0,1,1,1,1,ok,2.6,
fwd,3state1ap0acc_078341_c,3state1ap1acc_19879280012,2,0,1,1,1,1,ok,1.1,
fwd,3state1ap0acc_078356_c,3state1ap1acc_21891294336_c,20,1,1,1,1,1,skip-bits,6.4,
fwd,3state1ap0acc_078488,3state1ap0acc_004664,32,1,1,1,1,1,skip-bits,24.8,
fwd,3state1ap0acc_079444,3state1ap0acc_080398,36,1,0,1,1,1,skip-bits,421.9,
fwd,3state1ap0acc_079896_c,3state1ap0acc_013641,54,0,1,1,1,1,skip-bits,127.2,
fwd,3state1ap0acc_080036,3state1ap0acc_106568,21,1,1,1,1,1,skip-bits,6.2,
fwd,3state1ap0acc_080393_c,3state1ap0acc_070260_c,49,0,1,1,1,1,skip-bits,1176.2,
fwd,3state1ap0acc_080518_c,2state1ap2acc_parity_0126010194_c,11,0,1,1,1,1,ok,136.5,
fwd,3state1ap0acc_080964,3state1ap0acc_024912,49,1,1,1,1,1,skip-bits,72.9,
fwd,3state1ap0acc_086156,3state1ap2acc_parity_2568710745067348706059_c,15,1,0,1,1,1,skip-bits,34.7,
fwd,3state1ap0acc_090184,3state1ap0acc_072710_c,34,1,0,1,1,1,skip-bits,86.0,
fwd,3state1ap0acc_090440,3state1ap0acc_087196_c,27,1,0,1,1,1,skip-bits,68.1,
fwd,3state1ap0acc_092300,3state1ap1acc_01078740549_c,7,1,0,1,1,1,ok,108.2,
fwd,3state1ap0acc_096265_c,3state1ap0acc_074264,39,0,1,1,1,1,skip-bits,13.1,
fwd,3state1ap0acc_096398_c,3state1ap0acc_030112_c,21,0,1,1,1,1,skip-bits,106.7,
fwd,3state1ap0acc_106728,3state1ap0acc_004422_c,7,1,0,1,1,1,ok,136.2,
fwd,3state1ap1acc_00577895438_c,3state1ap0acc_024684,16,1,0,1,1,1,skip-bits,10.9,
fwd,3state1ap1acc_01112278057_c,2state1ap2acc_parity_0004552970_c,7,0,0,0,0,1,ok,4.9,
fwd,3state1ap1acc_01216476160_c,3state1ap0acc_006152,33,1,1,1,1,1,skip-bits,11.9,
fwd,3state1ap1acc_05671138568,3state1ap0acc_029325,3,0,0,0,1,0,ok,2.2,
fwd,3state1ap1acc_06510251562,3state1ap0acc_024912_c,4,0,1,1,1,1,ok,46.7,
fwd,3state1ap1acc_07986021488,3state1ap1acc_17251696968_c,3,0,0,0,1,0,ok,65.6,
fwd,3state1ap1acc_08763069152_c,3state1ap0acc_026808,14,0,0,0,0,1,skip-bits,23.1,
fwd,3state1ap1acc_10818159298_c,3state1ap1acc_22079178886,1,0,0,0,0,1,ok,3.7,
fwd,3state1ap1acc_18420848649_c,3state1ap0acc_075796,11,1,1,1,1,1,ok,99.4,
fwd,3state1ap1acc_18673175256,3state1ap1acc_parity_08657112224,12,0,0,0,1,0,ok,266.2,
fwd,3state1ap1acc_20944955967_c,3state1ap0acc_076293,11,0,0,1,1,1,ok,79.9,
fwd,3state1ap1acc_22364973222,3state1ap0acc_005254,8,0,1,1,1,1,ok,10.9,
fwd,3state1ap1acc_25170543041_c,3state1ap0acc_006170_c,9,0,0,0,0,1,ok,74.6,
fwd,3state1ap1acc_34454789696,3state1ap2acc_parity_0246980041349316193792_c,17,1,1,1,1,1,skip-bits,3.8,
fwd,3state1ap1acc_35719401600_c,3state1ap0acc_070248_c,15,0,1,1,1,1,skip-bits,11.8,
fwd,3state1ap1acc_38522602760,2state1ap2acc_parity_0002234960,59,0,0,0,1,1,skip-bits,36.2,
fwd,3state1ap1acc_43021293649,3state1ap1acc_00501801994,5,0,0,0,1,0,ok,7.6,
fwd,3state1ap1acc_46306722133_c,3state1ap1acc_parity_09932264476_c,9,1,1,1,1,1,ok,8.0,
fwd,3state1ap1acc_parity_09932264476,3state1ap0acc_076042,28,0,0,1,1,1,skip-bits,65.5,
fwd,3state1ap1acc_parity_10805384360,2state1ap2acc_parity_0708854026_c,7,0,1,1,1,1,ok,4.8,
fwd,3state1ap1acc_parity_34454263104,3state1ap1acc_parity_43022074069,8,0,0,1,1,1,ok,15.3,
fwd,3state1ap1acc_parity_34966176896,3state1ap0acc_106660,9,0,0,1,1,1,ok,177.6,
fwd,3state1ap1acc_parity_34972191752,3state1ap0acc_004426,14,0,1,1,1,1,skip-bits,3.5,
fwd,3state1ap2acc_parity_0222475581887189605899,3state1ap0acc_025625,33,0,0,0,0,1,skip-bits,50.8,
fwd,3state1ap2acc_parity_0246980041349316193792,3state1ap0acc_025106,22,0,0,0,0,1,skip-bits,5.1,
fwd,3state1ap2acc_parity_0682827486289373906434,3state1ap0acc_030228_c,39,0,0,0,0,0,skip-bits,83.1,
fwd,3state1ap2acc_parity_1282809694496512603916_c,3state1ap0acc_091238,123,0,0,0,0,0,skip-bits,2484.8,
fwd,3state1ap2acc_parity_1448359502735549410575,3state1ap0acc_013908,40,0,0,0,0,0,skip-bits,116.9,
fwd,3state1ap2acc_parity_2509786589937695033090_c,3state1ap1acc_37118511116,8,0,0,0,0,0,ok,65.5,
fwd,3state2ap1acc_parity_1796825632970893428833,3state2ap2acc_parity_11216132919718599426484354168135068180600985_c,137,0,0,0,1,0,skip-bits,201.6,
fwd,3state2ap2acc_parity_00002382211212622917890616193867070465190424_c,2state2ap2acc_parity_01838757176823623953,81,0,0,0,0,0,skip-bits,141.4,
fwd,3state2ap2acc_parity_00360908970317846202065523035211166491340988_c,4state2ap1acc_parity_032592156420644438548207861214493032704_c,22,1,1,1,1,1,skip-bits,3.0,
fwd,3state2ap2acc_parity_04290111865843214334382313628225177616302156_c,1state2ap2acc_parity_06150,70,0,0,0,1,0,skip-bits,38.9,
fwd,3state2ap2acc_parity_04290111865843214334382313628225177616302156_c,3state2ap2acc_parity_01574353071461662293527634042304113554171601,106,0,0,0,0,0,skip-bits,841.2,
fwd,3state2ap2acc_parity_05744229146499564561388240723307926009780705,2state2ap2acc_parity_08197976992496502017,116,0,0,0,0,0,skip-bits,318.1,
fwd,3state2ap2acc_parity_07715988424303351654421832419712511907809387,2state2ap1acc_parity_0293990436,129,0,0,0,0,0,skip-bits,1142.5,
fwd,3state2ap2acc_parity_08603614892753180213647106418019782380468347_c,2state2ap2acc_parity_04906201296742293504_c,181,0,0,0,0,0,skip-bits,3721.7,
fwd,3state2ap2acc_parity_08920014192153606574079903209430866941080569_c,2state2ap2acc_parity_12005792140375715561_c,50,0,0,0,0,0,skip-bits,83.6,
fwd,3state2ap2acc_parity_10242932816699746367374054096177816109435269,2state2ap2acc_parity_11193452886051569917,33,0,0,0,0,0,skip-bits,163.0,
fwd,3state2ap2acc_parity_10347144930624275892248421612650292723877017_c,2state2ap2acc_parity_02455151384263699489,126,0,0,0,0,0,skip-bits,6709.5,
fwd,3state2ap2acc_parity_13314475190816682929472322021533208167327997,2state2ap2acc_parity_10415250806679194641,42,0,0,0,0,0,skip-bits,2149.7,
fwd,3state2ap2acc_parity_13322400562467511889208063629341661021480178,4state2ap1acc_parity_016989447636600366334037124246744914241_c,143,0,0,0,1,0,skip-bits,147.9,
fwd,3state2ap2acc_parity_14122322237705402063424891878630450175732896_c,3state2ap2acc_parity_00442143975446621002174926794741649083380452,54,0,0,0,0,0,skip-bits,172.5,
fwd,3state2ap2acc_parity_14841615962601542641582320641199714513748170,2state2ap2acc_parity_02784935455026984028,87,0,0,0,0,0,skip-bits,751.3,
fwd,3state2ap2acc_parity_15377585186585244386570480866490820334912621_c,4state2ap1acc_parity_216358315450290392374483810345841206404_c,76,1,1,1,1,1,skip-bits,62.5,
fwd,3state2ap2acc_parity_19292204062434739838585513977313286700953855_c,3state2ap2acc_parity_07131409991411177307553436271602182331950408,17,0,0,0,0,0,skip-bits,4.4,
fwd,3state2ap2acc_parity_19699037403887099928121848904437987237110396,4state2ap1acc_parity_182011070065798834957904108023680624228,42,0,0,0,0,0,skip-bits,3138.5,
fwd,4state1ap1acc_parity_00252217007046873636_c,2state1ap1acc_04644,3,1,0,1,1,1,ok,0.7,
fwd,4state1ap1acc_parity_04902587422865489929_c,3state1ap0acc_013356_c,23,0,0,0,0,1,skip-bits,12.9,
fwd,4state1ap2acc_parity_063036089187240698000600034311139232047_c,3state1ap0acc_074824,45,0,0,0,0,0,skip-bits,76.2,
fwd,4state1ap2acc_parity_189524291821398297457560207943178585638,3state1ap0acc_004632,13,1,1,1,1,1,skip-bits,1.9,
rev,1state1ap0acc_0,1state1ap0acc_3,0,1,1,1,1,1,ok,0.3,
rev,1state2ap0acc_01,2state2ap2acc_parity_09303125106357635126_c,7,1,1,1,1,1,ok,2.5,
rev,1state2ap0acc_06,2state2ap2acc_parity_02590837127116143237_c,24,1,1,1,1,1,skip-bits,2.0,
rev,1state2ap1acc_105,2state2ap2acc_parity_12726042477177204477,12,0,0,0,1,0,ok,131.6,
rev,1state2ap2acc_00416,2state2ap2acc_parity_12005792140375715561_c,29,0,0,0,1,0,skip-bits,3.9,
rev,1state2ap2acc_parity_00780,1state2ap2acc_00960,4,1,1,1,1,1,ok,0.6,
rev,1state2ap2acc_parity_06150,3state2ap2acc_parity_04290111865843214334382313628225177616302156_c,70,0,0,0,0,1,skip-bits,41.6,
rev,1state3ap0acc_015_c,1state3ap1acc_04080_c,1,0,1,1,1,1,ok,0.4,
rev,1state3ap0acc_023,2state3ap1acc_parity_10819738732151771304,37,1,0,1,1,1,skip-bits,7.5,
rev,1state3ap0acc_127_c,1state3ap1acc_00446,9,0,1,1,1,1,ok,6.9,
rev,1state3ap1acc_00386_c,1state3ap1acc_00876_c,3,1,1,1,1,1,ok,1.1,
rev,1state3ap1acc_00494_c,2state3ap1acc_parity_00865795744191920295,24,0,0,0,0,1,skip-bits,5.1,
rev,1state3ap1acc_00792,2state3ap1acc_parity_08801613791090661145_c,17,1,1,1,1,1,skip-bits,5.2,
rev,1state3ap1acc_00828,1state3ap0acc_060,6,1,1,1,1,1,ok,1.2,
rev,1state3ap1acc_01713,1state3ap1acc_07681,18,1,0,1,1,1,skip-bits,1.1,
rev,1state3ap1acc_01777,1state3ap1acc_06976,11,1,1,1,1,1,ok,25.0,
rev,1state3ap1acc_01777_c,2state3ap1acc_parity_10562312272641601060,108,0,0,0,0,1,skip-bits,25.4,
rev,1state3ap1acc_01936,1state3ap1acc_05992_c,6,0,0,0,1,0,ok,3.4,
rev,1state3ap1acc_02040_c,1state3ap1acc_06180_c,3,0,0,0,0,1,ok,1.2,
rev,1state3ap1acc_02725,1state3ap2acc_parity_0179243810_c,3,0,0,0,1,0,ok,0.8,
rev,1state3ap1acc_05801,1state3ap1acc_08064_c,1,0,0,0,1,0,ok,1.1,
rev,1state3ap1acc_06120_c,2state3ap1acc_parity_12253434782604436768,101,0,0,0,0,1,skip-bits,68.7,
rev,1state3ap1acc_06145_c,2state3ap1acc_parity_12248783858467312927_c,13,0,0,0,0,1,skip-bits,1.5,
rev,1state3ap1acc_06147,2state3ap1acc_parity_01830543289898687049_c,23,1,1,1,1,1,skip-bits,8.3,
rev,1state3ap1acc_06436,1state3ap1acc_00390,14,1,0,1,1,1,skip-bits,1.2,
rev,1state3ap1acc_06528_c,1state3ap1acc_01569_c,1,0,0,0,0,1,ok,1.2,
rev,1state3ap1acc_06916_c,1state3ap1acc_00788,25,0,0,0,0,1,skip-bits,1.4,
rev,1state3ap1acc_07777_c,1state3ap1acc_01537_c,1,0,0,0,0,1,ok,0.9,
rev,1state3ap1acc_07777_c,1state3ap1acc_05800,17,0,0,0,0,1,skip-bits,1.1,
rev,1state3ap1acc_32257,1state3ap1acc_06530,30,0,0,0,1,0,skip-bits,1.4,
rev,2state1ap0acc_026_c,3state1ap0acc_021025_c,3,0,1,1,1,1,ok,1.6,
rev,2state1ap0acc_106_c,3state1ap0acc_030120,10,0,1,1,1,1,ok,118.3,
rev,2state1ap1acc_01176,2state1ap2acc_parity_0004822272,21,1,0,1,1,1,skip-bits,3.9,
rev,2state1ap1acc_03170,3state1ap0acc_074260_c,10,0,0,0,1,0,ok,47.8,
rev,2state1ap1acc_04644,4state1ap1acc_parity_00252217007046873636_c,4,1,0,1,1,1,ok,0.7,
rev,2state1ap1acc_05196_c,2state1ap2acc_parity_0004538925_c,10,0,0,0,0,1,ok,75.9,
rev,2state1ap1acc_05250_c,2state1ap1acc_18050_c,2,0,0,0,0,1,ok,2.3,
rev,2state1ap1acc_06536,3state1ap0acc_074325,22,0,0,0,1,0,skip-bits,17.4,
rev,2state1ap1acc_16899,3state1ap0acc_004756_c,4,0,1,1,1,1,ok,2.1,
rev,2state1ap2acc_parity_0001191050_c,3state1ap0acc_026772_c,12,0,0,0,0,0,ok,466.4,
rev,2state1ap2acc_parity_0002234960,3state1ap1acc_38522602760,2,0,0,0,0,1,ok,34.8,
rev,2state1ap2acc_parity_0004295586_c,3state1ap0acc_072334_c,16,0,0,0,0,0,skip-bits,6.1,
rev,2state1ap2acc_parity_0004496645,3state1ap0acc_070056_c,17,0,0,0,0,0,skip-bits,12.2,
rev,2state1ap2acc_parity_0004552970_c,3state1ap1acc_01112278057_c,12,0,0,1,1,1,ok,91.9,
rev,2state1ap2acc_parity_0004891914_c,3state1ap0acc_013385,16,0,0,0,1,0,skip-bits,8.5,
rev,2state1ap2acc_parity_0005106434_c,3state1ap0acc_025312,41,0,0,0,0,0,skip-bits,34.5,
rev,2state1ap2acc_parity_0005327658,2state1ap2acc_parity_0015632386_c,19,0,0,0,0,1,skip-bits,32.6,
rev,2state1ap2acc_parity_0006272130_c,3state1ap0acc_024708_c,2,0,0,0,0,0,ok,1.9,
rev,2state1ap2acc_parity_0022079492_c,3state1ap0acc_013645,40,0,0,0,1,0,skip-bits,30.9,
rev,2state1ap2acc_parity_0069045002,3state1ap0acc_020556,8,0,0,0,0,1,ok,7.4,
rev,2state1ap2acc_parity_0126010194_c,3state1ap0acc_080518_c,23,0,0,0,0,1,skip-bits,7.9,
rev,2state1ap2acc_parity_0571753498,3state1ap0acc_007190_c,55,0,0,0,0,1,skip-bits,202.0,
rev,2state1ap2acc_parity_0572212224,3state1ap0acc_005800_c,5,0,0,0,0,1,ok,54.7,
rev,2state1ap2acc_parity_0574882177,3state1ap0acc_074829_c,11,0,0,0,0,1,ok,146.3,
rev,2state1ap2acc_parity_0708854026_c,3state1ap1acc_parity_10805384360,5,0,0,0,0,0,ok,2.3,
rev,2state1ap2acc_parity_0715295236,2state1ap2acc_parity_2292326218,16,1,1,1,1,1,skip-bits,2.3,
rev,2state1ap2acc_parity_0717635593,2state1ap1acc_06532,11,0,0,0,1,0,ok,50.7,
rev,2state1ap2acc_parity_1413644800,3state1ap0acc_076868,40,0,0,0,0,0,skip-bits,89.7,
rev,2state1ap2acc_parity_2751987743,3state1ap0acc_071308_c,10,0,0,0,0,1,ok,167.2,
rev,2state2ap1acc_parity_0139740170_c,2state2ap2acc_parity_00289891630156527747_c,33,0,1,1,1,1,skip-bits,5.7,
rev,2state2ap1acc_parity_0293990436,3state2ap2acc_parity_07715988424303351654421832419712511907809387,129,0,0,0,0,0,skip-bits,1182.4,
rev,2state2ap1acc_parity_2455687333_c,1state2ap1acc_018_c,1,1,0,1,1,1,ok,0.8,
rev,2state2ap1acc_parity_3289547584,2state2ap1acc_parity_3024546618_c,21,0,0,0,1,0,skip-bits,3.1,
rev,2state2ap1acc_parity_4042692746,2state2ap2acc_parity_06360534675873411890_c,17,0,0,0,1,0,skip-bits,4.8,
rev,2state2ap2acc_parity_00082015929639258213_c,2state2ap2acc_parity_15568350751340371263,94,0,0,0,0,0,skip-bits,145.4,
rev,2state2ap2acc_parity_00289891630156527747_c,2state2ap2acc_parity_02479144338996496752_c,21,0,0,0,1,0,skip-bits,5.7,
rev,2state2ap2acc_parity_00495951104014606457_c,2state2ap2acc_parity_09669650752595937080,3,0,0,0,0,0,ok,9.2,
rev,2state2ap2acc_parity_00732443274184804514_c,2state2ap2acc_parity_01300381873082871896_c,17,0,0,0,0,0,skip-bits,15.0,
rev,2state2ap2acc_parity_01838757176823623953,3state2ap2acc_parity_00002382211212622917890616193867070465190424_c,57,0,0,0,0,1,skip-bits,148.2,
rev,2state2ap2acc_parity_02324350295120187772_c,2state2ap2acc_parity_08130995486210534005,82,0,0,0,0,0,skip-bits,404.3,
rev,2state2ap2acc_parity_02338443166392502418,2state2ap2acc_parity_03598501441036968601,167,0,0,0,0,0,skip-bits,1578.3,
rev,2state2ap2acc_parity_02406207182630619308,2state2ap2acc_parity_12000547282478703909_c,30,0,1,1,1,1,skip-bits,7.7,
rev,2state2ap2acc_parity_02412135448199726114_c,2state2ap2acc_parity_04727523500524286007,58,0,0,0,0,0,skip-bits,25.0,
rev,2state2ap2acc_parity_02455151384263699489,3state2ap2acc_parity_10347144930624275892248421612650292723877017_c,340,0,0,0,0,1,skip-bits,6153.2,
rev,2state2ap2acc_parity_02613231945794024176,2state2ap2acc_parity_01025293266847957421,39,0,0,0,0,0,skip-bits,109.9,
rev,2state2ap2acc_parity_02784935455026984028,3state2ap2acc_parity_14841615962601542641582320641199714513748170,43,0,0,0,0,0,skip-bits,741.2,
rev,2state2ap2acc_parity_04630318344642327802,2state2ap2acc_parity_03465359446847513186_c,67,0,0,0,0,0,skip-bits,47.5,
rev,2state2ap2acc_parity_04906201296742293504,2state2ap2acc_parity_07285067545879021657_c,172,0,0,0,0,0,skip-bits,437.3,
rev,2state2ap2acc_parity_04906201296742293504_c,3state2ap2acc_parity_08603614892753180213647106418019782380468347_c,458,0,0,0,0,0,skip-bits,3577.2,
rev,2state2ap2acc_parity_04964710546502961656,1state2ap3acc_parity_0178405888,24,1,1,1,1,1,skip-bits,2.0,
rev,2state2ap2acc_parity_05770070685202830714,2state2ap2acc_parity_06706656653999847593_c,89,0,0,0,0,0,skip-bits,132.0,
rev,2state2ap2acc_parity_08197976992496502017,3state2ap2acc_parity_05744229146499564561388240723307926009780705,125,0,0,0,0,0,skip-bits,328.5,
rev,2state2ap2acc_parity_09615319376540246571,2state2ap2acc_parity_03644846996254608138_c,17,1,1,1,1,1,skip-bits,1.7,
rev,2state2ap2acc_parity_09863644550122525712,1state2ap2acc_00300_c,40,0,0,0,1,1,skip-bits,6.7,
rev,2state2ap2acc_parity_10415250806679194641,3state2ap2acc_parity_13314475190816682929472322021533208167327997,103,0,0,0,0,0,skip-bits,2135.6,
rev,2state2ap2acc_parity_11193452886051569917,3state2ap2acc_parity_10242932816699746367374054096177816109435269,22,0,0,0,0,0,skip-bits,167.2,
rev,2state2ap2acc_parity_11209796727779668548,2state2ap2acc_parity_05031259995512837208_c,177,0,0,0,0,0,skip-bits,316.7,
rev,2state2ap2acc_parity_11589610070952749602_c,2state2ap2acc_parity_02406207182630619308_c,46,0,0,0,0,0,skip-bits,48.2,
rev,2state2ap2acc_parity_12005792140375715561_c,3state2ap2acc_parity_08920014192153606574079903209430866941080569_c,64,1,1,1,1,1,skip-bits,85.9,
rev,2state2ap2acc_parity_12125081597581071066_c,2state2ap2acc_parity_03926171514245816491_c,45,0,0,0,0,0,skip-bits,35.9,
rev,2state2ap2acc_parity_12856971236255351261,1state2ap2acc_parity_06150_c,4,0,0,0,0,0,ok,2.2,
rev,2state2ap2acc_parity_14459783819944657321_c,1state2ap2acc_parity_00266_c,2,0,0,0,0,0,ok,2.7,
rev,2state2ap2acc_parity_17362277832879126548,2state2ap2acc_parity_05522610772710766970_c,94,0,0,0,1,0,skip-bits,52.7,
rev,2state3ap1acc_parity_00865795744191920295,1state3ap1acc_00398_c,8,0,0,0,0,0,ok,25.4,
rev,2state3ap1acc_parity_00865795744191920295,1state3ap1acc_08032,70,0,0,0,1,0,skip-bits,9.0,
rev,2state3ap1acc_parity_01190702083017216040_c,1state3ap1acc_05641_c,14,0,0,0,0,0,skip-bits,53.4,
rev,2state3ap1acc_parity_01644858810352803401,1state3ap1acc_07809_c,34,0,0,0,0,0,skip-bits,43.8,
rev,2state3ap1acc_parity_01766513145226448584,1state3ap1acc_32257_c,47,0,0,0,0,0,skip-bits,32.9,
rev,2state3ap1acc_parity_02614646715407461635_c,1state3ap1acc_07904,75,0,0,0,0,0,skip-bits,10.7,
rev,2state3ap1acc_parity_05706837261896771984_c,2state3ap1acc_parity_17019428005131849826,207,0,0,0,0,0,skip-bits,626.1,
rev,2state3ap1acc_parity_07669827159049524354_c,1state3ap1acc_06564,90,0,0,0,0,1,skip-bits,18.7,
rev,2state3ap1acc_parity_08035544545379117594_c,2state3ap1acc_parity_01644858810352803401,219,0,0,0,0,0,skip-bits,331.0,
rev,2state3ap1acc_parity_08649156823177511470_c,1state3ap1acc_00796,75,0,0,0,0,1,skip-bits,15.4,
rev,2state3ap1acc_parity_09661361070672199683_c,1state3ap1acc_00840,132,0,1,1,1,1,skip-bits,48.9,
rev,2state3ap1acc_parity_10541487760048391324_c,2state3ap1acc_parity_05265621111752452744,192,0,0,0,0,0,skip-bits,207.3,
rev,2state3ap1acc_parity_12420149321583670028,2state3ap1acc_parity_03229356971305243857_c,105,0,0,0,0,0,skip-bits,84.9,
rev,2state3ap1acc_parity_14104290084247047862_c,1state3ap1acc_01785,2,0,0,0,0,0,ok,0.8,
rev,2state3ap1acc_parity_14818256413007078534_c,2state3ap1acc_parity_02398314845859828916,259,0,0,0,0,0,skip-bits,397.3,
rev,2state3ap1acc_parity_17019428005131849826_c,1state3ap1acc_00488_c,6,0,0,0,0,0,ok,14.5,
rev,2state3ap1acc_parity_18211550331080462848,2state3ap1acc_parity_01100260466741905549_c,118,0,0,0,0,0,skip-bits,277.2,
rev,3state1ap0acc_004280_c,3state1ap0acc_005652,51,1,1,1,1,1,skip-bits,191.9,
rev,3state1ap0acc_004422_c,3state1ap0acc_106728,14,0,1,1,1,1,skip-bits,73.0,
rev,3state1ap0acc_004424,3state1ap0acc_030112,21,1,0,1,1,1,skip-bits,21.5,
rev,3state1ap0acc_004426,3state1ap1acc_parity_34972191752,4,1,1,1,1,1,ok,3.6,
rev,3state1ap0acc_004452,3state1ap0acc_071702_c,24,1,1,1,1,1,skip-bits,57.8,
rev,3state1ap0acc_004504_c,2state1ap0acc_053,39,0,1,1,1,1,skip-bits,13.6,
rev,3state1ap0acc_004628_c,2state1ap2acc_parity_1164845312,5,0,1,1,1,1,ok,1.9,
rev,3state1ap0acc_004632,4state1ap2acc_parity_189524291821398297457560207943178585638,1,1,0,1,1,1,ok,2.3,
rev,3state1ap0acc_004645_c,3state1ap0acc_025093_c,4,0,1,1,1,1,ok,3.1,
rev,3state1ap0acc_004664,3state1ap0acc_078488,9,1,0,1,1,1,ok,99.1,
rev,3state1ap0acc_004756,2state1ap2acc_parity_0006272130,7,1,0,1,1,1,ok,9.5,
rev,3state1ap0acc_004788_c,3state1ap0acc_074436_c,25,0,1,1,1,1,skip-bits,29.4,
rev,3state1ap0acc_005254,3state1ap1acc_22364973222,2,1,0,1,1,1,ok,2.8,
rev,3state1ap0acc_005286,3state1ap0acc_025136,82,1,1,1,1,1,skip-bits,87.8,
rev,3state1ap0acc_005286_c,2state1ap2acc_parity_2292326218,58,1,1,1,1,1,skip-bits,52.8,
rev,3state1ap0acc_005288_c,3state1ap0acc_030733_c,16,1,1,1,1,1,skip-bits,3.3,
rev,3state1ap0acc_005402,3state1ap0acc_026653_c,61,1,0,1,1,1,skip-bits,320.5,
rev,3state1ap0acc_005800,2state1ap2acc_parity_1297172901,7,1,0,1,1,1,ok,73.9,
rev,3state1ap0acc_006152,3state1ap1acc_01216476160_c,7,1,1,1,1,1,ok,22.3,
rev,3state1ap0acc_006170_c,3state1ap1acc_25170543041_c,5,0,1,1,1,1,ok,21.7,
rev,3state1ap0acc_006188,2state1ap2acc_parity_0682573952_c,18,1,0,1,1,1,skip-bits,16.7,
rev,3state1ap0acc_006328_c,2state1ap2acc_parity_0047726660_c,39,0,1,1,1,1,skip-bits,72.0,
rev,3state1ap0acc_006472_c,3state1ap0acc_024841,13,1,1,1,1,1,skip-bits,5.2,
rev,3state1ap0acc_007716_c,3state1ap0acc_024684_c,66,0,1,1,1,1,skip-bits,1876.8,
rev,3state1ap0acc_012568,3state1ap0acc_026641_c,13,1,0,1,1,1,skip-bits,13.5,
rev,3state1ap0acc_012614,3state1ap0acc_030024_c,6,1,0,1,1,1,ok,19.8,
rev,3state1ap0acc_013356_c,4state1ap1acc_parity_04902587422865489929_c,34,0,1,1,1,1,skip-bits,15.2,
rev,3state1ap0acc_013641,3state1ap0acc_004612,15,1,1,1,1,1,skip-bits,4.2,
rev,3state1ap0acc_013641,3state1ap0acc_079896_c,30,1,0,1,1,1,skip-bits,129.9,
rev,3state1ap0acc_013641_c,2state1ap1acc_16912,23,1,1,1,1,1,skip-bits,5.6,
rev,3state1ap0acc_013908,3state1ap2acc_parity_1448359502735549410575,31,1,0,1,1,1,skip-bits,127.7,
rev,3state1ap0acc_020920_c,3state1ap0acc_025112_c,5,0,1,1,1,1,ok,35.7,
rev,3state1ap0acc_021104_c,3state1ap0acc_007448_c,55,0,1,1,1,1,skip-bits,4448.9,
rev,3state1ap0acc_021108,3state1ap0acc_008292_c,7,1,0,1,1,1,ok,137.2,
rev,3state1ap0acc_021920_c,3state1ap0acc_004772_c,12,0,1,1,1,1,ok,1379.8,
rev,3state1ap0acc_021928,3state1ap0acc_078024,18,1,0,1,1,1,skip-bits,4.7,
rev,3state1ap0acc_022632_c,3state1ap0acc_024654,8,0,1,1,1,1,ok,28.7,
rev,3state1ap0acc_023089,3state1ap0acc_075333_c,43,1,0,1,1,1,skip-bits,394.3,
rev,3state1ap0acc_024680_c,3state1ap0acc_007438_c,40,0,1,1,1,1,skip-bits,100.7,
rev,3state1ap0acc_024684,3state1ap1acc_00577895438_c,20,1,0,1,1,1,skip-bits,10.1,
rev,3state1ap0acc_024707,3state1ap0acc_007214,19,1,1,1,1,1,skip-bits,14.3,
rev,3state1ap0acc_024720_c,3state1ap0acc_005514,18,0,1,1,1,1,skip-bits,11.0,
rev,3state1ap0acc_024800,2state1ap0acc_053,22,1,0,1,1,1,skip-bits,5.0,
rev,3state1ap0acc_024802,3state1ap0acc_004741,8,1,0,1,1,1,ok,17.9,
rev,3state1ap0acc_024912,3state1ap0acc_080964,17,1,0,1,1,1,skip-bits,73.0,
rev,3state1ap0acc_024912_c,3state1ap1acc_06510251562,11,0,1,1,1,1,ok,576.6,
rev,3state1ap0acc_024916_c,2state1ap2acc_parity_0039407872,12,0,1,1,1,1,ok,353.2,
rev,3state1ap0acc_024948_c,3state1ap0acc_013645_c,28,0,1,1,1,1,skip-bits,179.1,
rev,3state1ap0acc_025106,3state1ap2acc_parity_0246980041349316193792,4,1,0,1,1,1,ok,8.0,
rev,3state1ap0acc_025109_c,2state1ap2acc_parity_0008557064,28,0,1,1,1,1,skip-bits,5.7,
rev,3state1ap0acc_025264_c,3state1ap0acc_026684,122,0,1,1,1,1,skip-bits,3517.2,
rev,3state1ap0acc_025625,3state1ap2acc_parity_0222475581887189605899,5,1,0,1,1,1,ok,77.0,
rev,3state1ap0acc_025708,2state1ap1acc_50306,21,1,1,1,1,1,skip-bits,5.4,
rev,3state1ap0acc_026641,3state1ap0acc_007434,22,1,0,1,1,1,skip-bits,10.7,
rev,3state1ap0acc_026808,3state1ap1acc_08763069152_c,18,1,0,1,1,1,skip-bits,26.5,
rev,3state1ap0acc_026833_c,3state1ap0acc_006153,45,0,1,1,1,1,skip-bits,49.6,
rev,3state1ap0acc_029325,3state1ap1acc_05671138568,2,1,1,1,1,1,ok,2.1,
rev,3state1ap0acc_029734_c,3state1ap0acc_007436,148,0,1,1,1,1,skip-bits,8212.1,
rev,3state1ap0acc_029734_c,3state1ap0acc_007560_c,28,0,1,1,1,1,skip-bits,972.7,
rev,3state1ap0acc_029769_c,3state1ap0acc_024673,35,0,1,1,1,1,skip-bits,116.9,
rev,3state1ap0acc_029966,3state1ap0acc_024692,126,1,0,1,1,1,skip-bits,2881.4,
rev,3state1ap0acc_030028_c,3state1ap0acc_025136_c,12,0,1,1,1,1,ok,679.9,
rev,3state1ap0acc_030056_c,3state1ap0acc_069704,14,0,1,1,1,1,skip-bits,2.7,
rev,3state1ap0acc_030112_c,3state1ap0acc_096398_c,34,0,1,1,1,1,skip-bits,118.0,
rev,3state1ap0acc_030213,3state1ap0acc_025320_c,96,1,0,1,1,1,skip-bits,1156.4,
rev,3state1ap0acc_030225,3state1ap0acc_031384_c,96,1,0,1,1,1,skip-bits,857.4,
rev,3state1ap0acc_030228_c,3state1ap2acc_parity_0682827486289373906434,22,0,1,1,1,1,skip-bits,95.9,
rev,3state1ap0acc_030724_c,3state1ap0acc_015365,34,0,1,1,1,1,skip-bits,41.3,
rev,3state1ap0acc_030726,3state1ap0acc_030733,4,1,0,1,1,1,ok,4.7,
rev,3state1ap0acc_030729,3state1ap0acc_005769_c,35,1,0,1,1,1,skip-bits,437.2,
rev,3state1ap0acc_030856,3state1ap0acc_007468,19,1,0,1,1,1,skip-bits,34.3,
rev,3state1ap0acc_030856_c,3state1ap0acc_005764_c,8,0,1,1,1,1,ok,143.7,
rev,3state1ap0acc_030862_c,3state1ap0acc_025296_c,56,0,1,1,1,1,skip-bits,1217.5,
rev,3state1ap0acc_031752,3state1ap0acc_020620_c,6,1,0,1,1,1,ok,19.8,
rev,3state1ap0acc_069828,3state1ap0acc_012620_c,21,1,0,1,1,1,skip-bits,11.1,
rev,3state1ap0acc_070248_c,3state1ap1acc_35719401600_c,16,0,1,1,1,1,skip-bits,12.9,
rev,3state1ap0acc_070260_c,3state1ap0acc_080393_c,64,0,1,1,1,1,skip-bits,1210.1,
rev,3state1ap0acc_070360,3state1ap0acc_021657,74,1,0,1,1,1,skip-bits,1008.9,
rev,3state1ap0acc_070788_c,2state1ap2acc_parity_0352460833_c,9,0,1,1,1,1,ok,47.1,
rev,3state1ap0acc_071308_c,3state1ap0acc_025625,33,0,1,1,1,1,skip-bits,103.2,
rev,3state1ap0acc_071702,2state1ap2acc_parity_1083056266,101,1,0,1,1,1,skip-bits,250.8,
rev,3state1ap0acc_071822,3state1ap0acc_076074,51,1,1,1,1,1,skip-bits,118.7,
rev,3state1ap0acc_072710_c,3state1ap0acc_090184,61,1,1,1,1,1,skip-bits,83.8,
rev,3state1ap0acc_073800_c,2state1ap2acc_parity_0541081603,11,0,1,1,1,1,ok,54.4,
rev,3state1ap0acc_073865,2state1ap2acc_parity_0067828500_c,3,1,0,1,1,1,ok,1.4,
rev,3state1ap0acc_073865,2state1ap2acc_parity_2290440257_c,7,1,0,1,1,1,ok,5.6,
rev,3state1ap0acc_073868_c,2state1ap2acc_parity_0574882177,13,0,1,1,1,1,skip-bits,1.6,
rev,3state1ap0acc_073993,3state1ap0acc_025632,14,1,0,1,1,1,skip-bits,2.3,
rev,3state1ap0acc_074056,2state1ap2acc_parity_0002114561,20,1,0,1,1,1,skip-bits,2.6,
rev,3state1ap0acc_074264,3state1ap0acc_096265_c,29,1,0,1,1,1,skip-bits,12.7,
rev,3state1ap0acc_074309,3state1ap0acc_072710_c,98,1,0,1,1,1,skip-bits,965.2,
rev,3state1ap0acc_074472,3state1ap0acc_005148,35,1,1,1,1,1,skip-bits,74.7,
rev,3state1ap0acc_074824,4state1ap2acc_parity_063036089187240698000600034311139232047_c,33,1,0,1,1,1,skip-bits,85.1,
rev,3state1ap0acc_075782,3state1ap0acc_012388_c,35,1,0,1,1,1,skip-bits,60.9,
rev,3state1ap0acc_075796,3state1ap1acc_18420848649_c,15,1,1,1,1,1,skip-bits,3.6,
rev,3state1ap0acc_075812,3state1ap0acc_006440_c,16,1,0,1,1,1,skip-bits,200.6,
rev,3state1ap0acc_075942_c,2state1ap2acc_parity_0005036034_c,27,0,1,1,1,1,skip-bits,48.1,
rev,3state1ap0acc_075972,3state1ap0acc_031010,31,1,0,1,1,1,skip-bits,169.5,
rev,3state1ap0acc_076042,3state1ap1acc_parity_09932264476,4,1,0,1,1,1,ok,73.1,
rev,3state1ap0acc_076293,3state1ap1acc_20944955967_c,20,1,1,1,1,1,skip-bits,4.3,
rev,3state1ap0acc_076317,3state1ap0acc_075285_c,15,1,0,1,1,1,skip-bits,83.4,
rev,3state1ap0acc_077128,3state1ap0acc_029996,30,1,0,1,1,1,skip-bits,160.8,
rev,3state1ap0acc_077961,3state1ap0acc_026642_c,23,1,0,1,1,1,skip-bits,20.5,
rev,3state1ap0acc_078340,3state1ap0acc_007432,20,1,0,1,1,1,skip-bits,7.2,
rev,3state1ap0acc_078858,3state1ap0acc_029976,34,1,0,1,1,1,skip-bits,335.1,
rev,3state1ap0acc_078924,3state1ap0acc_020652_c,29,1,0,1,1,1,skip-bits,136.3,
rev,3state1ap0acc_078948,3state1ap0acc_029966_c,36,1,1,1,1,1,skip-bits,108.1,
rev,3state1ap0acc_079400_c,3state1ap0acc_075860_c,9,0,1,1,1,1,ok,146.2,
rev,3state1ap0acc_079444,2state1ap2acc_parity_2290440257,15,1,0,1,1,1,skip-bits,29.3,
rev,3state1ap0acc_080004_c,3state1ap0acc_007198_c,20,0,1,1,1,1,skip-bits,113.9,
rev,3state1ap0acc_080068_c,3state1ap0acc_024857_c,8,0,1,1,1,1,ok,46.8,
rev,3state1ap0acc_080398,3state1ap0acc_079444,40,1,0,1,1,1,skip-bits,444.0,
rev,3state1ap0acc_080964_c,3state1ap0acc_005514,87,0,1,1,1,1,skip-bits,291.5,
rev,3state1ap0acc_081032_c,3state1ap0acc_071880_c,18,0,1,1,1,1,skip-bits,319.6,
rev,3state1ap0acc_081476_c,3state1ap0acc_006478_c,25,0,1,1,1,1,skip-bits,24.2,
rev,3state1ap0acc_086156_c,3state1ap0acc_004772,36,0,1,1,1,1,skip-bits,11.0,
rev,3state1ap0acc_087196_c,3state1ap0acc_090440,43,1,1,1,1,1,skip-bits,72.6,
rev,3state1ap0acc_090212_c,3state1ap0acc_026644_c,41,0,1,1,1,1,skip-bits,558.0,
rev,3state1ap0acc_090625,3state1ap0acc_021922,18,1,0,1,1,1,skip-bits,12.5,
rev,3state1ap0acc_091236,3state1ap0acc_025253_c,82,1,0,1,1,1,skip-bits,575.8,
rev,3state1ap0acc_091238,3state1ap2acc_parity_1282809694496512603916_c,179,1,0,1,1,1,skip-bits,2809.2,
rev,3state1ap0acc_091682,3state1ap0acc_024946,24,1,0,1,1,1,skip-bits,101.4,
rev,3state1ap0acc_092174,3state1ap0acc_012366,22,1,0,1,1,1,skip-bits,144.3,
rev,3state1ap0acc_106568,3state1ap0acc_080036,4,1,0,1,1,1,ok,6.9,
rev,3state1ap0acc_106660,3state1ap1acc_parity_34966176896,4,1,0,1,1,1,ok,114.0,
rev,3state1ap1acc_00265838612_c,3state1ap0acc_074388_c,7,0,0,0,0,1,ok,22.1,
rev,3state1ap1acc_00501801994,3state1ap1acc_43021293649,7,0,0,0,1,0,ok,14.3,
rev,3state1ap1acc_01078740549_c,3state1ap0acc_092300,24,0,0,0,0,1,skip-bits,51.4,
rev,3state1ap1acc_01343514762_c,2state1ap2acc_parity_0285476138_c,5,0,0,0,0,1,ok,9.0,
rev,3state1ap1acc_06712019249,2state1ap2acc_parity_2726576129_c,21,0,0,0,1,0,skip-bits,33.3,
rev,3state1ap1acc_10821896874_c,2state1ap2acc_parity_0094315016,22,1,1,1,1,1,skip-bits,5.9,
rev,3state1ap1acc_17251696968_c,3state1ap1acc_07986021488,48,1,1,1,1,1,skip-bits,56.5,
rev,3state1ap1acc_19337320362_c,3state1ap0acc_013384_c,2,0,0,0,0,1,ok,6.1,
rev,3state1ap1acc_19879280012,3state1ap0acc_078341_c,5,0,1,1,1,1,ok,1.9,
rev,3state1ap1acc_20401758904_c,3state1ap0acc_004392,29,1,1,1,1,1,skip-bits,10.3,
rev,3state1ap1acc_20552143008_c,3state1ap0acc_077380_c,49,0,1,1,1,1,skip-bits,47.6,
rev,3state1ap1acc_21642354752_c,3state1ap0acc_020738,13,1,1,1,1,1,skip-bits,1.4,
rev,3state1ap1acc_21891294336_c,3state1ap0acc_078356_c,16,1,1,1,1,1,skip-bits,6.6,
rev,3state1ap1acc_22079178886,3state1ap1acc_10818159298_c,20,1,1,1,1,1,skip-bits,3.5,
rev,3state1ap1acc_35769115713,3state1ap0acc_074412_c,22,0,0,0,1,0,skip-bits,215.8,
rev,3state1ap1acc_37118511116,3state1ap2acc_parity_2509786589937695033090_c,38,0,1,1,1,1,skip-bits,23.5,
rev,3state1ap1acc_45103587365_c,3state1ap0acc_029028,33,0,0,0,0,1,skip-bits,85.7,
rev,3state1ap1acc_46475546712_c,3state1ap0acc_069804_c,17,0,0,0,0,1,skip-bits,16.0,
rev,3state1ap1acc_parity_08657112224,3state1ap1acc_18673175256,17,0,0,0,1,0,skip-bits,7.9,
rev,3state1ap1acc_parity_08657112224_c,3state1ap0acc_030240_c,12,0,0,0,0,0,ok,257.1,
rev,3state1ap1acc_parity_08657112224_c,3state1ap0acc_075785,29,0,0,0,0,1,skip-bits,14.5,
rev,3state1ap1acc_parity_09932264476_c,3state1ap1acc_46306722133_c,9,1,1,1,1,1,ok,8.1,
rev,3state1ap1acc_parity_37586212922_c,3state1ap0acc_077976,12,0,0,1,1,1,ok,289.9,
rev,3state1ap1acc_parity_43022074069,3state1ap1acc_parity_34454263104,19,0,1,1,1,1,skip-bits,2.7,
rev,3state1ap1acc_parity_52747897074,3state1ap0acc_025137,9,0,0,0,0,0,ok,21.0,
rev,3state1ap2acc_parity_0171234438415938685971_c,3state1ap0acc_013676,21,0,0,0,0,0,skip-bits,29.9,
rev,3state1ap2acc_parity_0246980041349316193792_c,3state1ap1acc_34454789696,7,0,0,0,1,0,ok,9.4,
rev,3state1ap2acc_parity_1282704417945169446419,3state1ap0acc_025244,51,0,0,0,0,0,skip-bits,99.8,
rev,3state1ap2acc_parity_2568710745067348706059_c,3state1ap0acc_086156,51,0,0,0,0,1,skip-bits,31.8,
rev,3state2ap1acc_parity_1967668635396872344074_c,2state2ap2acc_parity_11862219100637939786_c,96,1,1,1,1,1,skip-bits,26.0,
rev,3state2ap1acc_parity_3585895366144295765516,2state2ap2acc_parity_11740941019044962404,19,0,0,1,1,1,skip-bits,7.5,
rev,3state2ap1acc_parity_3585895366144295765516_c,2state2ap2acc_parity_11316808124643219609,18,1,1,1,1,1,skip-bits,5.3,
rev,3state2ap2acc_parity_00442143975446621002174926794741649083380452,3state2ap2acc_parity_14122322237705402063424891878630450175732896_c,86,0,0,0,0,0,skip-bits,163.4,
rev,3state2ap2acc_parity_01547795618021375473617303844850997545774316_c,2state2ap2acc_parity_01838757176823623953,13,0,0,0,0,1,skip-bits,3.0,
rev,3state2ap2acc_parity_01574353071461662293527634042304113554171601,3state2ap2acc_parity_04290111865843214334382313628225177616302156_c,211,0,0,0,0,1,skip-bits,799.1,
rev,3state2ap2acc_parity_02225287432583565045627619612700794790776537_c,2state2ap2acc_parity_05207513304957954670,18,0,0,0,0,0,skip-bits,13.0,
rev,3state2ap2acc_parity_05646301230268628350670752252735482621755525,2state2ap2acc_parity_00495951104014606457,63,0,0,0,0,0,skip-bits,1212.6,
rev,3state2ap2acc_parity_05744229146499564561388240723307926009780705,1state2ap2acc_parity_00772_c,2,0,0,0,0,0,ok,50.3,
rev,3state2ap2acc_parity_06159861430659382172806574419318109950313840,1state2ap2acc_parity_00772,60,0,0,0,1,0,skip-bits,48.8,
rev,3state2ap2acc_parity_06313475381795330209467421463533420155064625_c,2state2ap2acc_parity_06706656653999847593_c,175,0,0,0,1,0,skip-bits,805.4,
rev,3state2ap2acc_parity_07131409991411177307553436271602182331950408,3state2ap2acc_parity_19292204062434739838585513977313286700953855_c,22,0,0,0,1,0,skip-bits,4.4,
rev,3state2ap2acc_parity_07640798032698989284855753784519901965426725,2state2ap1acc_parity_1642596627,41,0,0,0,0,0,skip-bits,267.1,
rev,3state2ap2acc_parity_11216132919718599426484354168135068180600985,2state2ap2acc_parity_03377207403598746866_c,204,0,0,0,0,0,skip-bits,628.6,
rev,3state2ap2acc_parity_11216132919718599426484354168135068180600985_c,3state2ap1acc_parity_1796825632970893428833,40,0,0,0,0,0,skip-bits,219.8,
rev,3state2ap2acc_parity_11352125598174738554908919375056653404965564,2state2ap2acc_parity_10956058418304074776_c,87,1,0,1,1,1,skip-bits,63.6,
rev,3state2ap2acc_parity_12403977564925508453551236462067085934910282_c,2state2ap2acc_parity_05983266170514214042,7,1,0,1,1,1,ok,10.1,
rev,3state2ap2acc_parity_14187696287525319699726623503636843130614373,2state2ap1acc_parity_0030441824_c,75,0,0,0,0,0,skip-bits,186.0,
rev,3state2ap2acc_parity_14640345009540178756934700191540411232346135_c,2state2ap2acc_parity_00111729103757431907,119,0,0,0,1,0,skip-bits,61.3,
rev,3state2ap2acc_parity_17256777809672929554857622979850165510394022,2state2ap2acc_parity_09340193533924172070,27,0,0,0,0,1,skip-bits,4.9,
rev,3state2ap2acc_parity_18140904740152146744090750607020588661123804,2state2ap2acc_parity_03965744933853960312_c,212,0,0,0,0,1,skip-bits,1820.2,
rev,3state2ap2acc_parity_19292204062434739838585513977313286700953855_c,1state2ap2acc_00386,41,1,1,1,1,1,skip-bits,4.2,
rev,3state2ap2acc_parity_19513157098239232108232341494837416149158789,2state2ap2acc_parity_10439520783294077228,207,0,0,0,0,1,skip-bits,909.2,
rev,4state1ap1acc_parity_00252217007046873636,3state1ap0acc_025893,34,0,1,1,1,1,skip-bits,64.5,
rev,4state1ap1acc_parity_00811778505763562526,3state1ap0acc_015380_c,12,1,1,1,1,1,ok,1028.9,
rev,4state1ap1acc_parity_04902587422865489929,3state1ap0acc_078152_c,7,0,0,0,1,0,ok,4.5,
rev,4state1ap1acc_parity_14195417222003932486,3state1ap0acc_075820_c,34,0,1,1,1,1,skip-bits,70.7,
rev,4state1ap2acc_parity_000632489122214258973456250121784938822,2state1ap2acc_parity_0138758442,23,0,0,0,0,1,skip-bits,21.5,
rev,4state1ap2acc_parity_002914461322280394910983122525890915648,3state1ap0acc_006662_c,11,0,0,0,1,0,ok,744.0,
rev,4state1ap2acc_parity_189524291821398297457560207943178585638,3state1ap0acc_012552,8,1,1,1,1,1,ok,9.7,
rev,4state2ap1acc_parity_016989447636600366334037124246744914241_c,3state2ap2acc_parity_13322400562467511889208063629341661021480178,29,1,0,1,1,1,skip-bits,173.8,
rev,4state2ap1acc_parity_032592156420644438548207861214493032704_c,3state2ap2acc_parity_00360908970317846202065523035211166491340988_c,6,0,0,0,0,1,ok,6.6,
rev,4state2ap1acc_parity_128630394002267607203457118552609683947,2state2ap2acc_parity_12728864607586338936_c,20,0,1,1,1,1,skip-bits,6.6,
rev,4state2ap1acc_parity_182011070065798834957904108023680624228,3state2ap2acc_parity_19699037403887099928121848904437987237110396,29,1,1,1,1,1,skip-bits,3168.6,
rev,4state2ap1acc_parity_216358315450290392374483810345841206404_c,3state2ap2acc_parity_15377585186585244386570480866490820334912621_c,67,1,1,1,1,1,skip-bits,68.9,
rev,4state2ap1acc_parity_216913534712549064574886800825391398934_c,2state2ap2acc_parity_08509043498043523396_c,18,1,0,1,1,1,skip-bits,4.9,
