formula,class,mp,technique,dag_nodes,temporals,tree_nodes,sharing,build_s,equiv,reconstructed
aut_00000.hoa,?,?,daisy,1,0,1,1.0,0.068,True,0
aut_00257.hoa,?,?,daisy,1,0,1,1.0,0.066,True,1
aut_00258.hoa,?,?,daisy,3,1,3,1.0,0.067,True,XGa
aut_00261.hoa,?,?,daisy,1,0,1,1.0,0.061,True,1
aut_00262.hoa,?,?,daisy,3,2,3,1.0,0.066,True,GFa
aut_00265.hoa,?,?,daisy,1,0,1,1.0,0.065,True,1
aut_00288.hoa,?,?,-,,,,,0.592,NOT_LTL,
aut_00290.hoa,?,?,buchi,31,5,72,2.3,1.140,True,X(a & ((XF!a & ((!a & X!a) R (!a | X(!a R (a | X(a & XF!a)))))) | (X(a | Xa) & (…
aut_00292.hoa,?,?,daisy2,3,2,3,1.0,0.066,True,GFa
aut_00294.hoa,?,?,buchi,9,3,14,1.6,1.115,True,X(Fa & G(!a | X(!a R Fa)))
aut_00296.hoa,?,?,buchi,31,5,72,2.3,1.120,True,X(a & ((XF!a & ((!a & X!a) R (!a | X(!a R (a | X(a & XF!a)))))) | (X(a | Xa) & (…
aut_00298.hoa,?,?,buchi,31,5,72,2.3,1.136,True,X(a & ((XF!a & ((!a & X!a) R (!a | X(!a R (a | X(a & XF!a)))))) | (X(a | Xa) & (…
aut_00300.hoa,?,?,daisy2,3,2,3,1.0,0.064,True,GFa
aut_00324.hoa,?,?,daisy2,1,0,1,1.0,0.062,True,1
aut_00326.hoa,?,?,acc,1,0,1,1.0,1.103,True,1
aut_00328.hoa,?,?,daisy2,1,0,1,1.0,0.066,True,1
aut_00330.hoa,?,?,daisy,1,0,1,1.0,0.065,True,1
aut_00356.hoa,?,?,daisy2,1,0,1,1.0,0.065,True,1
aut_00358.hoa,?,?,acc,1,0,1,1.0,1.109,True,1
aut_00360.hoa,?,?,daisy2,1,0,1,1.0,0.066,True,1
aut_00364.hoa,?,?,daisy2,1,0,1,1.0,0.062,True,1
aut_00388.hoa,?,?,daisy2,3,2,3,1.0,0.067,True,GFa
aut_00390.hoa,?,?,buchi,9,3,14,1.6,1.120,True,X(Fa & G(!a | X(!a R Fa)))
aut_00391.hoa,?,?,acc,1,0,1,1.0,1.136,True,1
aut_00392.hoa,?,?,buchi,31,5,72,2.3,1.132,True,X(a & ((XF!a & ((!a & X!a) R (!a | X(!a R (a | X(a & XF!a)))))) | (X(a | Xa) & (…
aut_00396.hoa,?,?,daisy2,3,2,3,1.0,0.065,True,GFa
aut_00513.hoa,?,?,daisy,1,0,1,1.0,0.065,True,a
aut_00514.hoa,?,?,daisy,2,1,2,1.0,0.066,True,Ga
aut_00515.hoa,?,?,daisy,5,1,6,1.2,0.065,True,a & XG!a
aut_00517.hoa,?,?,daisy,1,0,1,1.0,0.065,True,a
aut_00518.hoa,?,?,daisy,4,2,5,1.2,0.064,True,a & GFa
aut_00519.hoa,?,?,daisy,5,2,6,1.2,0.066,True,a & GF!a
aut_00521.hoa,?,?,daisy,1,0,1,1.0,0.065,True,a
aut_00528.hoa,?,?,-,,,,,0.589,NOT_LTL,
aut_00530.hoa,?,?,partscc,5,1,7,1.4,0.064,True,a & G(a | Xa)
aut_00531.hoa,?,?,-,,,,,0.589,NOT_LTL,
aut_00532.hoa,?,?,buchi,13,3,23,1.8,1.139,True,a & XX(XG(!a | XXFa) & (a M (!a | XXFa)))
aut_00533.hoa,?,?,daisy,1,0,1,1.0,0.067,True,a
aut_00534.hoa,?,?,buchi,24,5,50,2.1,1.138,True,a & X(Fa & (!a | XFa) & ((!a & (a | G(a | X!a))) | G((a | X(a R (!a | XFa))) & (…
aut_00535.hoa,?,?,acc,1,0,1,1.0,1.108,True,a
aut_00536.hoa,?,?,buchi,30,5,71,2.4,1.118,True,a & ((X(a | Xa) & ((!a & X!a) R ((!a | X(!a | X(!a R (a | Xa)))) & (a | X(!a | X…
aut_00540.hoa,?,?,-,,,,,0.575,NOT_LTL,
aut_00543.hoa,?,?,-,,,,,0.585,NOT_LTL,
aut_00547.hoa,?,?,-,,,,,0.584,NOT_LTL,
aut_00548.hoa,?,?,buchi,335,65,21341,63.7,1.181,True,(X(a & Xa) | (XF(!a & X(!a U (a & Xa))) & (Xa | (XF(!a & Xa) & (((a | X(!a & XFa…
aut_00551.hoa,?,?,acc,1,0,1,1.0,1.118,True,a
aut_00552.hoa,?,?,daisy,2,1,2,1.0,0.064,True,Ga
aut_00556.hoa,?,?,-,,,,,0.584,NOT_LTL,
aut_00560.hoa,?,?,partscc,9,1,14,1.6,0.066,True,a & G((a | Xa) & (!a | X!a))
aut_00562.hoa,?,?,partscc,5,1,7,1.4,0.065,True,a & G(a | Xa)
aut_00563.hoa,?,?,buchi,31,6,71,2.3,1.120,True,a & ((X(!a & XFa) & ((a & Xa) R (a | X(a R (!a | X(!a & XFa)))))) | (((a & Xa) R…
aut_00564.hoa,?,?,buchi,185,37,564705,3052.5,1.140,UNVERIFIED_SIZE,<unflattened DAG: 564705 tree nodes>
aut_00567.hoa,?,?,buchi,18,5,35,1.9,1.117,True,a & F(a & XF!a) & G((!a | X(!a R (a | XF!a))) & (a | X(a | X(a R F!a))))
aut_00568.hoa,?,?,partscc,8,2,11,1.4,0.066,True,a & G((a | Xa) & F!a)
aut_00572.hoa,?,?,buchi,14,3,29,2.1,1.115,True,a & X(!a & XFa) & ((a & Xa) R (a | X(a R (!a | X(!a & XFa)))))
aut_00575.hoa,?,?,buchi,31,6,71,2.3,1.119,True,a & ((X(!a & XFa) & ((a & Xa) R (a | X(a R (!a | X(!a & XFa)))))) | (((a & Xa) R…
aut_00580.hoa,?,?,buchi,13,3,23,1.8,1.123,True,a & XX(XG(!a | XXFa) & (a M (!a | XXFa)))
aut_00583.hoa,?,?,acc,1,0,1,1.0,1.111,True,a
aut_00584.hoa,?,?,buchi,30,5,71,2.4,1.147,True,a & ((X(a | Xa) & ((!a & X!a) R ((!a | X(!a | X(!a R (a | Xa)))) & (a | X(!a | X…
aut_00588.hoa,?,?,-,,,,,0.583,NOT_LTL,
aut_00612.hoa,?,?,buchi,13,3,23,1.8,1.118,True,a & XX(XG(!a | XXFa) & (a M (!a | XXFa)))
aut_00615.hoa,?,?,acc,1,0,1,1.0,1.112,True,a
aut_00616.hoa,?,?,buchi,30,5,71,2.4,1.119,True,a & ((X(a | Xa) & ((!a & X!a) R ((!a | X(!a | X(!a R (a | Xa)))) & (a | X(!a | X…
aut_00620.hoa,?,?,-,,,,,0.588,NOT_LTL,
aut_00628.hoa,?,?,buchi,13,3,23,1.8,1.114,True,a & XX(XG(!a | XXFa) & (a M (!a | XXFa)))
aut_00631.hoa,?,?,acc,1,0,1,1.0,1.120,True,a
aut_00632.hoa,?,?,buchi,30,5,71,2.4,1.115,True,a & ((X(a | Xa) & ((!a & X!a) R ((!a | X(!a | X(!a R (a | Xa)))) & (a | X(!a | X…
aut_00636.hoa,?,?,-,,,,,0.585,NOT_LTL,
aut_00644.hoa,?,?,-,,,,,0.590,NOT_LTL,
aut_00647.hoa,?,?,acc,1,0,1,1.0,1.114,True,a
aut_00648.hoa,?,?,daisy2,2,1,2,1.0,0.065,True,Ga
aut_00652.hoa,?,?,-,,,,,0.574,NOT_LTL,
aut_00708.hoa,?,?,buchi,185,37,564705,3052.5,1.138,UNVERIFIED_SIZE,<unflattened DAG: 564705 tree nodes>
aut_00711.hoa,?,?,buchi,18,5,35,1.9,1.126,True,a & F(a & XF!a) & G((!a | X(!a R (a | XF!a))) & (a | X(a | X(a R F!a))))
aut_00712.hoa,?,?,partscc,8,2,11,1.4,0.063,True,a & G((a | Xa) & F!a)
aut_00716.hoa,?,?,buchi,14,3,29,2.1,1.114,True,a & X(!a & XFa) & ((a & Xa) R (a | X(a R (!a | X(!a & XFa)))))
aut_00770.hoa,?,?,daisy,5,1,6,1.2,0.065,True,!a & XGa
aut_00800.hoa,?,?,partscc,9,1,15,1.7,0.063,True,!a & G((!a | X!a) & (a | Xa))
aut_01046.hoa,?,?,acc,1,0,1,1.0,1.102,True,1
aut_01090.hoa,?,?,-,,,,,0.586,NOT_LTL,
aut_01120.hoa,?,?,-,,,,,0.586,NOT_LTL,
aut_01122.hoa,?,?,-,,,,,0.591,NOT_LTL,
aut_01123.hoa,?,?,acc,1,0,1,1.0,1.108,True,1
aut_01128.hoa,?,?,-,,,,,0.582,NOT_LTL,
aut_01132.hoa,?,?,daisy2,3,2,3,1.0,0.064,True,GFa
aut_01154.hoa,?,?,buchi,504,93,18160787,36033.3,1.211,UNVERIFIED_SIZE,<unflattened DAG: 18160787 tree nodes>
aut_01155.hoa,?,?,-,,,,,0.583,NOT_LTL,
aut_01168.hoa,?,?,daisy,1,0,1,1.0,0.064,True,1
aut_01170.hoa,?,?,daisy,1,0,1,1.0,0.065,True,1
aut_01376.hoa,?,?,daisy,1,0,1,1.0,0.066,True,1
aut_01556.hoa,?,?,daisy2,1,0,1,1.0,0.064,True,1
aut_01558.hoa,?,?,acc,1,0,1,1.0,1.107,True,1
aut_01559.hoa,?,?,acc,1,0,1,1.0,1.113,True,1
aut_01560.hoa,?,?,daisy2,1,0,1,1.0,0.066,True,1
aut_01564.hoa,?,?,daisy2,1,0,1,1.0,0.065,True,1
aut_01575.hoa,?,?,acc,1,0,1,1.0,1.111,True,1
aut_01576.hoa,?,?,buchi,31,5,72,2.3,1.134,True,X(a & ((XF!a & ((!a & X!a) R (!a | X(!a R (a | X(a & XF!a)))))) | (X(a | Xa) & (…
aut_01583.hoa,?,?,daisy,1,0,1,1.0,0.067,True,1
aut_01588.hoa,?,?,daisy2,4,2,4,1.0,0.065,True,GF!a
aut_01591.hoa,?,?,buchi,9,3,14,1.6,1.120,True,X(F!a & G(a | X(a R F!a)))
aut_01592.hoa,?,?,daisy2,4,2,4,1.0,0.064,True,GF!a
aut_01596.hoa,?,?,buchi,31,5,70,2.3,1.131,True,X(!a & ((XFa & ((a & Xa) R (a | X(a R (!a | X(!a & XFa)))))) | (X(!a | X!a) & ((…
aut_01600.hoa,?,?,-,,,,,0.581,NOT_LTL,
aut_01603.hoa,?,?,-,,,,,0.590,NOT_LTL,
aut_01604.hoa,?,?,daisy2,3,2,3,1.0,0.066,True,GFa
aut_01607.hoa,?,?,acc,1,0,1,1.0,1.104,True,1
aut_01608.hoa,?,?,daisy2,3,2,3,1.0,0.065,True,GFa
aut_01612.hoa,?,?,-,,,,,0.591,NOT_LTL,
aut_01635.hoa,?,?,acc,1,0,1,1.0,1.121,True,1
aut_01639.hoa,?,?,acc,1,0,1,1.0,1.107,True,1
aut_01648.hoa,?,?,-,,,,,0.587,NOT_LTL,
aut_01650.hoa,?,?,acc,1,0,1,1.0,1.110,True,1
aut_01651.hoa,?,?,-,,,,,0.587,NOT_LTL,
aut_01652.hoa,?,?,daisy2,1,0,1,1.0,0.065,True,1
aut_01655.hoa,?,?,acc,1,0,1,1.0,1.112,True,1
aut_01656.hoa,?,?,daisy2,1,0,1,1.0,0.064,True,1
aut_01660.hoa,?,?,-,,,,,0.586,NOT_LTL,
aut_01664.hoa,?,?,-,,,,,0.581,NOT_LTL,
aut_01666.hoa,?,?,buchi,308,66,30464,98.9,1.186,True,X(((((a & Xa) | (Fa & ((!a | X!a) U (!a & X(!a U (a & Xa)))))) & ((a & (Xa | ((!…
aut_01667.hoa,?,?,-,,,,,0.590,NOT_LTL,
aut_01668.hoa,?,?,-,,,,,0.591,NOT_LTL,
aut_01671.hoa,?,?,acc,1,0,1,1.0,1.113,True,1
aut_01672.hoa,?,?,-,,,,,0.589,NOT_LTL,
aut_01676.hoa,?,?,-,,,,,0.586,NOT_LTL,
aut_01680.hoa,?,?,daisy,1,0,1,1.0,0.064,True,1
aut_01682.hoa,?,?,daisy,1,0,1,1.0,0.065,True,1
aut_01683.hoa,?,?,daisy,1,0,1,1.0,0.064,True,1
aut_01728.hoa,?,?,-,,,,,0.582,NOT_LTL,
aut_01731.hoa,?,?,buchi,31,5,70,2.3,1.125,True,X(!a & ((XFa & ((a & Xa) R (a | X(a R (!a | X(!a & XFa)))))) | (X(!a | X!a) & ((…
aut_01732.hoa,?,?,daisy2,6,3,7,1.2,0.066,True,G(F!a & Fa)
aut_01735.hoa,?,?,buchi,507,85,30994,61.1,1.175,SPOT_TIMEOUT,((a | (F((a & X(a U (!a & X(a | Xa | (X(!a & XFa) & ((a | X!a) U (!a & X(!a & Xa…
aut_01736.hoa,?,?,-,,,,,0.583,NOT_LTL,
aut_01740.hoa,?,?,buchi,15,3,27,1.8,1.119,True,X(!a & XFa & ((a & Xa) R (a | X(a R (!a | X(!a & XFa))))))
aut_02070.hoa,?,?,buchi,24,5,50,2.1,1.146,True,a & X(Fa & (!a | XFa) & ((!a & (a | G(a | X!a))) | G((a | X(a R (!a | XFa))) & (…
aut_02071.hoa,?,?,acc,1,0,1,1.0,1.114,True,a
aut_02114.hoa,?,?,buchi,200,41,8880,44.4,1.158,True,a & (Xa | ((!a | X!a) U (!a & X(!a U (a & Xa))))) & (Xa | ((a | X(a | Xa)) U (!a…
aut_02115.hoa,?,?,-,,,,,0.588,NOT_LTL,
aut_02144.hoa,?,?,-,,,,,0.584,NOT_LTL,
aut_02147.hoa,?,?,-,,,,,0.586,NOT_LTL,
aut_02152.hoa,?,?,-,,,,,0.581,NOT_LTL,
aut_02156.hoa,?,?,-,,,,,0.576,NOT_LTL,
aut_02160.hoa,?,?,-,,,,,0.581,NOT_LTL,
aut_02162.hoa,?,?,partscc,5,1,7,1.4,0.065,True,a & G(a | Xa)
aut_02163.hoa,?,?,-,,,,,0.581,NOT_LTL,
aut_02172.hoa,?,?,-,,,,,0.599,NOT_LTL,
aut_02179.hoa,?,?,-,,,,,0.581,NOT_LTL,
aut_02192.hoa,?,?,-,,,,,0.577,NOT_LTL,
aut_02195.hoa,?,?,-,,,,,0.585,NOT_LTL,
aut_02243.hoa,?,?,buchi,221,44,12981,58.7,1.162,True,a & X!a & ((!a | X(!a | X!a)) U (a & X(X!a & (!a | (X(a U (!a & X!a)) & ((!a | X…
aut_02368.hoa,?,?,daisy,1,0,1,1.0,0.064,True,1
aut_02400.hoa,?,?,daisy,1,0,1,1.0,0.065,True,1
aut_02402.hoa,?,?,daisy,1,0,1,1.0,0.064,True,1
aut_02432.hoa,?,?,-,,,,,0.588,NOT_LTL,
aut_02434.hoa,?,?,buchi,31,5,72,2.3,1.129,True,X(a & ((XF!a & ((!a & X!a) R (!a | X(!a R (a | X(a & XF!a)))))) | (X(a | Xa) & (…
aut_02435.hoa,?,?,daisy,1,0,1,1.0,0.061,True,1
aut_02444.hoa,?,?,daisy2,3,2,3,1.0,0.064,True,GFa
aut_02656.hoa,?,?,-,,,,,0.582,NOT_LTL,
aut_08450.hoa,?,?,daisy,6,2,8,1.3,0.066,True,a W (!a & XGa)
aut_08451.hoa,?,?,daisy,4,2,5,1.2,0.065,True,a W G!a
aut_08454.hoa,?,?,daisy,3,2,3,1.0,0.065,True,GFa
aut_08455.hoa,?,?,daisy+strength2,6,3,9,1.5,0.066,True,a W (!a & GF!a)
aut_08480.hoa,?,?,daisy2,4,1,5,1.2,0.065,True,G(a | Xa)
aut_08484.hoa,?,?,daisy2,3,2,3,1.0,0.065,True,GFa
aut_08488.hoa,?,?,daisy2,4,1,5,1.2,0.062,True,G(a | Xa)
aut_08490.hoa,?,?,daisy2,4,1,5,1.2,0.064,True,G(a | Xa)
aut_08496.hoa,?,?,-,,,,,0.583,NOT_LTL,
aut_08499.hoa,?,?,acc,4,0,5,1.2,1.111,True,a | X!a
aut_08500.hoa,?,?,buchi,5,1,6,1.2,1.117,True,a | XF!a
aut_08503.hoa,?,?,buchi,5,1,6,1.2,1.118,True,a | XF!a
aut_08504.hoa,?,?,-,,,,,0.607,NOT_LTL,
aut_08508.hoa,?,?,acc,4,0,5,1.2,1.113,True,a | X!a
aut_08511.hoa,?,?,acc,4,0,5,1.2,1.101,True,a | X!a
aut_08516.hoa,?,?,daisy2,1,0,1,1.0,0.065,True,1
aut_08518.hoa,?,?,acc,1,0,1,1.0,1.122,True,1
aut_08519.hoa,?,?,acc,1,0,1,1.0,1.107,True,1
aut_08520.hoa,?,?,daisy2,1,0,1,1.0,0.065,True,1
aut_08522.hoa,?,?,daisy,1,0,1,1.0,0.064,True,1
aut_08524.hoa,?,?,daisy2,1,0,1,1.0,0.062,True,1
aut_08527.hoa,?,?,daisy,1,0,1,1.0,0.061,True,1
aut_08548.hoa,?,?,daisy2,1,0,1,1.0,0.064,True,1
aut_08550.hoa,?,?,acc,1,0,1,1.0,1.116,True,1
aut_08552.hoa,?,?,daisy2,1,0,1,1.0,0.065,True,1
aut_08556.hoa,?,?,daisy2,1,0,1,1.0,0.062,True,1
aut_08564.hoa,?,?,daisy2,1,0,1,1.0,0.062,True,1
aut_08567.hoa,?,?,acc,1,0,1,1.0,1.113,True,1
aut_08568.hoa,?,?,daisy2,1,0,1,1.0,0.062,True,1
aut_08572.hoa,?,?,daisy2,1,0,1,1.0,0.064,True,1
aut_08582.hoa,?,?,buchi,8,3,16,2.0,1.111,True,(!a R Fa) & G(!a | X(!a R Fa))
aut_08583.hoa,?,?,daisy,1,0,1,1.0,0.066,True,1
aut_08584.hoa,?,?,daisy2,4,1,5,1.2,0.064,True,G(a | Xa)
aut_08586.hoa,?,?,daisy2,4,1,5,1.2,0.065,True,G(a | Xa)
aut_08591.hoa,?,?,daisy,1,0,1,1.0,0.063,True,1
aut_08644.hoa,?,?,buchi,5,1,6,1.2,1.130,True,a | XF!a
aut_08646.hoa,?,?,acc,1,0,1,1.0,1.107,True,1
aut_08647.hoa,?,?,buchi,5,1,6,1.2,1.127,True,a | XF!a
aut_08648.hoa,?,?,-,,,,,0.590,NOT_LTL,
aut_08650.hoa,?,?,daisy,1,0,1,1.0,0.064,True,1
aut_08652.hoa,?,?,acc,4,0,5,1.2,1.118,True,a | X!a
aut_08707.hoa,?,?,daisy+inv+scc2,6,2,8,1.3,0.067,True,a & X(a W G!a)
aut_08711.hoa,?,?,daisy+strength2,7,3,9,1.3,0.066,True,Ga | (a & GF!a)
aut_08719.hoa,?,?,daisy+inv+scc2,6,2,8,1.3,0.065,True,a & X(a W G!a)
aut_08724.hoa,?,?,buchi,16,4,31,1.9,1.120,True,a & XFa & G((!a | X(!a | X(!a R Fa))) & (a | X(a R (!a | XFa))))
aut_08727.hoa,?,?,daisy,1,0,1,1.0,0.065,True,a
aut_08728.hoa,?,?,partscc,5,1,7,1.4,0.063,True,a & G(a | Xa)
aut_08735.hoa,?,?,daisy,1,0,1,1.0,0.066,True,a
aut_08739.hoa,?,?,buchi,787,147,6052771,7690.9,1.199,UNVERIFIED_SIZE,<unflattened DAG: 6052771 tree nodes>
aut_08740.hoa,?,?,buchi,107,21,2546,23.8,1.137,True,a & (Xa | ((!a | X!a) U (!a & X(!a U (a & Xa))))) & (!a | (X(!a | X(a | X((!a U …
aut_08743.hoa,?,?,acc,1,0,1,1.0,1.124,True,a
aut_08748.hoa,?,?,buchi,460,85,3620391,7870.4,1.171,UNVERIFIED_SIZE,<unflattened DAG: 3620391 tree nodes>
aut_08751.hoa,?,?,buchi,787,147,6052771,7690.9,1.187,UNVERIFIED_SIZE,<unflattened DAG: 6052771 tree nodes>
aut_08772.hoa,?,?,buchi,16,4,31,1.9,1.122,True,a & XFa & G((!a | X(!a | X(!a R Fa))) & (a | X(a R (!a | XFa))))
aut_08775.hoa,?,?,acc,1,0,1,1.0,1.130,True,a
aut_08776.hoa,?,?,partscc,5,1,7,1.4,0.064,True,a & G(a | Xa)
aut_08783.hoa,?,?,daisy,1,0,1,1.0,0.061,True,a
aut_08807.hoa,?,?,acc,1,0,1,1.0,1.102,True,a
aut_08836.hoa,?,?,-,,,,,0.586,NOT_LTL,
aut_08839.hoa,?,?,acc,1,0,1,1.0,1.107,True,a
aut_08844.hoa,?,?,buchi,460,85,3620391,7870.4,1.164,UNVERIFIED_SIZE,<unflattened DAG: 3620391 tree nodes>
aut_08903.hoa,?,?,acc,1,0,1,1.0,1.098,True,a
aut_08962.hoa,?,?,daisy,6,2,8,1.3,0.065,True,a W (!a & XGa)
aut_08963.hoa,?,?,daisy,4,2,5,1.2,0.065,True,a W G!a
aut_09008.hoa,?,?,-,,,,,0.583,NOT_LTL,
aut_09011.hoa,?,?,buchi,719,142,3327077,4627.4,1.181,UNVERIFIED_SIZE,<unflattened DAG: 3327077 tree nodes>
aut_09012.hoa,?,?,buchi,30,7,63,2.1,1.105,True,(F(!a & XF(a & X!a)) & ((a | X(a & XF!a)) U (!a & X(a & XF!a)))) | (a U (!a & X!…
aut_09015.hoa,?,?,buchi,30,7,63,2.1,1.115,True,(F(!a & XF(a & X!a)) & ((a | X(a & XF!a)) U (!a & X(a & XF!a)))) | (a U (!a & X!…
aut_09016.hoa,?,?,-,,,,,0.580,NOT_LTL,
aut_09020.hoa,?,?,buchi,719,142,3327077,4627.4,1.193,UNVERIFIED_SIZE,<unflattened DAG: 3327077 tree nodes>
aut_09023.hoa,?,?,buchi,719,142,3327077,4627.4,1.184,UNVERIFIED_SIZE,<unflattened DAG: 3327077 tree nodes>
aut_09028.hoa,?,?,daisy2,1,0,1,1.0,0.062,True,1
aut_09030.hoa,?,?,acc,1,0,1,1.0,1.101,True,1
aut_09031.hoa,?,?,acc,1,0,1,1.0,1.121,True,1
aut_09032.hoa,?,?,daisy2,1,0,1,1.0,0.064,True,1
aut_09034.hoa,?,?,daisy,1,0,1,1.0,0.064,True,1
aut_09036.hoa,?,?,daisy2,1,0,1,1.0,0.064,True,1
aut_09039.hoa,?,?,daisy,1,0,1,1.0,0.064,True,1
aut_09060.hoa,?,?,daisy2,1,0,1,1.0,0.064,True,1
aut_09062.hoa,?,?,acc,1,0,1,1.0,1.107,True,1
aut_09064.hoa,?,?,daisy2,1,0,1,1.0,0.061,True,1
aut_09068.hoa,?,?,daisy2,1,0,1,1.0,0.064,True,1
aut_09076.hoa,?,?,daisy2,1,0,1,1.0,0.064,True,1
aut_09079.hoa,?,?,acc,1,0,1,1.0,1.106,True,1
aut_09080.hoa,?,?,daisy2,1,0,1,1.0,0.062,True,1
aut_09084.hoa,?,?,daisy2,1,0,1,1.0,0.061,True,1
aut_09156.hoa,?,?,buchi,30,7,63,2.1,1.111,True,(F(!a & XF(a & X!a)) & ((a | X(a & XF!a)) U (!a & X(a & XF!a)))) | (a U (!a & X!…
aut_09158.hoa,?,?,acc,1,0,1,1.0,1.108,True,1
aut_09159.hoa,?,?,buchi,30,7,63,2.1,1.114,True,(F(!a & XF(a & X!a)) & ((a | X(a & XF!a)) U (!a & X(a & XF!a)))) | (a U (!a & X!…
aut_09160.hoa,?,?,-,,,,,0.627,NOT_LTL,
aut_09164.hoa,?,?,buchi,719,142,3327077,4627.4,1.191,UNVERIFIED_SIZE,<unflattened DAG: 3327077 tree nodes>
aut_09223.hoa,?,?,daisy+strength2,6,3,7,1.2,0.062,True,Ga | GF!a
aut_09225.hoa,?,?,daisy,1,0,1,1.0,0.060,True,1
aut_09238.hoa,?,?,acc,1,0,1,1.0,1.109,True,1
aut_09239.hoa,?,?,acc,1,0,1,1.0,1.110,True,1
aut_09263.hoa,?,?,daisy,1,0,1,1.0,0.063,True,1
aut_09271.hoa,?,?,buchi,5,1,6,1.2,1.110,True,a | XF!a
aut_09280.hoa,?,?,-,,,,,0.584,NOT_LTL,
aut_09283.hoa,?,?,-,,,,,0.583,NOT_LTL,
aut_09284.hoa,?,?,daisy2,3,2,3,1.0,0.064,True,GFa
aut_09287.hoa,?,?,acc,1,0,1,1.0,1.104,True,1
aut_09288.hoa,?,?,daisy2,3,2,3,1.0,0.061,True,GFa
aut_09292.hoa,?,?,-,,,,,0.580,NOT_LTL,
aut_09296.hoa,?,?,daisy,1,0,1,1.0,0.063,True,1
aut_09315.hoa,?,?,acc,1,0,1,1.0,1.104,True,1
aut_09328.hoa,?,?,-,,,,,0.587,NOT_LTL,
aut_09330.hoa,?,?,acc,1,0,1,1.0,1.106,True,1
aut_09331.hoa,?,?,buchi,132,31,819,6.2,1.129,True,((a | (F((a & Xa) | (!a & X(!a & XFa))) & (X!a | (((!a | X!a) U (!a & X(!a U (a …
aut_09332.hoa,?,?,daisy2,1,0,1,1.0,0.065,True,1
aut_09335.hoa,?,?,acc,1,0,1,1.0,1.103,True,1
aut_09336.hoa,?,?,daisy2,1,0,1,1.0,0.064,True,1
aut_09340.hoa,?,?,buchi,132,31,819,6.2,1.130,True,((a | (F((a & Xa) | (!a & X(!a & XFa))) & (X!a | (((!a | X!a) U (!a & X(!a U (a …
aut_09344.hoa,?,?,buchi,313,65,17473,55.8,1.163,True,(((a | ((!a | X!a) U (!a & X(!a U (a & Xa))))) & (a | (Xa & ((a | X(a | Xa)) U (…
aut_09346.hoa,?,?,buchi,313,65,17473,55.8,1.152,True,(((a | ((!a | X!a) U (!a & X(!a U (a & Xa))))) & (a | (Xa & ((a | X(a | Xa)) U (…
aut_09347.hoa,?,?,-,,,,,0.580,NOT_LTL,
aut_09348.hoa,?,?,buchi,53,11,718,13.5,1.127,True,((!a & ((a & Xa) R (a | X(a R (!a | X!a))))) | ((!a | X((a | X(F(a & Xa) & ((!a …
aut_09351.hoa,?,?,acc,1,0,1,1.0,1.107,True,1
aut_09360.hoa,?,?,daisy,1,0,1,1.0,0.064,True,1
aut_09362.hoa,?,?,daisy,1,0,1,1.0,0.064,True,1
aut_09363.hoa,?,?,daisy,1,0,1,1.0,0.064,True,1
aut_09408.hoa,?,?,-,,,,,0.587,NOT_LTL,
aut_09411.hoa,?,?,-,,,,,0.583,NOT_LTL,
aut_09412.hoa,?,?,-,,,,,15.019,BUILD_TIMEOUT>15s,
aut_09415.hoa,?,?,buchi,5,1,6,1.2,1.113,True,a | XF!a
aut_09416.hoa,?,?,-,,,,,0.584,NOT_LTL,
aut_09420.hoa,?,?,-,,,,,0.584,NOT_LTL,
aut_09456.hoa,?,?,-,,,,,0.576,NOT_LTL,
aut_09748.hoa,?,?,daisy2,1,0,1,1.0,0.060,True,1
aut_09751.hoa,?,?,acc,1,0,1,1.0,1.107,True,1
aut_09752.hoa,?,?,daisy2,1,0,1,1.0,0.064,True,1
aut_09756.hoa,?,?,daisy2,1,0,1,1.0,0.066,True,1
aut_09767.hoa,?,?,acc,1,0,1,1.0,1.107,True,1
aut_09780.hoa,?,?,buchi,5,1,6,1.2,1.112,True,a | XF!a
aut_09783.hoa,?,?,buchi,5,1,6,1.2,1.153,True,a | XF!a
aut_09784.hoa,?,?,-,,,,,0.585,NOT_LTL,
aut_09788.hoa,?,?,acc,4,0,5,1.2,1.113,True,a | X!a
aut_09792.hoa,?,?,-,,,,,0.580,NOT_LTL,
aut_09795.hoa,?,?,buchi,132,31,819,6.2,1.134,True,((a | (F((a & Xa) | (!a & X(!a & XFa))) & (X!a | (((!a | X!a) U (!a & X(!a U (a …
aut_09796.hoa,?,?,daisy2,3,2,3,1.0,0.066,True,GFa
aut_09799.hoa,?,?,acc,1,0,1,1.0,1.102,True,1
aut_09800.hoa,?,?,daisy2,3,2,3,1.0,0.065,True,GFa
aut_09804.hoa,?,?,buchi,87,22,401,4.6,1.123,True,(a | (F((a & Xa) | (!a & X(!a & XFa))) & (X!a | (((!a | X!a) U (!a & X(!a U (a &…
aut_09827.hoa,?,?,acc,1,0,1,1.0,1.105,True,1
aut_09831.hoa,?,?,acc,1,0,1,1.0,1.105,True,1
aut_09840.hoa,?,?,-,,,,,0.580,NOT_LTL,
aut_09842.hoa,?,?,acc,1,0,1,1.0,1.108,True,1
aut_09843.hoa,?,?,buchi,132,31,819,6.2,1.132,True,((a | (F((a & Xa) | (!a & X(!a & XFa))) & (X!a | (((!a | X!a) U (!a & X(!a U (a …
aut_09844.hoa,?,?,daisy2,1,0,1,1.0,0.065,True,1
aut_09847.hoa,?,?,acc,1,0,1,1.0,1.105,True,1
aut_09848.hoa,?,?,daisy2,1,0,1,1.0,0.064,True,1
aut_09852.hoa,?,?,buchi,132,31,819,6.2,1.130,True,((a | (F((a & Xa) | (!a & X(!a & XFa))) & (X!a | (((!a | X!a) U (!a & X(!a U (a …
aut_09859.hoa,?,?,-,,,,,0.581,NOT_LTL,
aut_09863.hoa,?,?,acc,1,0,1,1.0,1.098,True,1
aut_09872.hoa,?,?,daisy,1,0,1,1.0,0.064,True,1
aut_09874.hoa,?,?,daisy,1,0,1,1.0,0.062,True,1
aut_09875.hoa,?,?,daisy,1,0,1,1.0,0.060,True,1
aut_09920.hoa,?,?,-,,,,,0.577,NOT_LTL,
aut_09923.hoa,?,?,acc,4,0,5,1.2,1.110,True,a | X!a
aut_09924.hoa,?,?,buchi,677,119,1241365,1833.6,1.187,UNVERIFIED_SIZE,<unflattened DAG: 1241365 tree nodes>
aut_09927.hoa,?,?,buchi,5,1,6,1.2,1.117,True,a | XF!a
aut_09928.hoa,?,?,-,,,,,0.586,NOT_LTL,
aut_09932.hoa,?,?,buchi,221,41,4276,19.3,1.152,True,(a | (X!a & (F(!a & X(!a U (a & Xa))) | (((a | Xa) & (!a | X(a & (Xa | ((!a | Xa…
aut_10036.hoa,?,?,buchi,5,1,6,1.2,1.112,True,a | XF!a
aut_10039.hoa,?,?,buchi,5,1,6,1.2,1.112,True,a | XF!a
aut_10040.hoa,?,?,-,,,,,0.583,NOT_LTL,
aut_10044.hoa,?,?,acc,4,0,5,1.2,1.097,True,a | X!a
aut_10048.hoa,?,?,daisy2,1,0,1,1.0,0.063,True,1
aut_10050.hoa,?,?,acc,1,0,1,1.0,1.101,True,1
aut_10051.hoa,?,?,acc,1,0,1,1.0,1.111,True,1
aut_10052.hoa,?,?,daisy2,1,0,1,1.0,0.066,True,1
aut_10054.hoa,?,?,acc,1,0,1,1.0,1.106,True,1
aut_10055.hoa,?,?,acc,1,0,1,1.0,1.105,True,1
aut_10056.hoa,?,?,daisy2,1,0,1,1.0,0.064,True,1
aut_10060.hoa,?,?,daisy2,1,0,1,1.0,0.065,True,1
aut_10080.hoa,?,?,daisy2,1,0,1,1.0,0.065,True,1
aut_10082.hoa,?,?,acc,1,0,1,1.0,1.110,True,1
aut_10084.hoa,?,?,daisy2,1,0,1,1.0,0.064,True,1
aut_10086.hoa,?,?,acc,1,0,1,1.0,1.103,True,1
aut_10088.hoa,?,?,daisy2,1,0,1,1.0,0.062,True,1
aut_10092.hoa,?,?,daisy2,1,0,1,1.0,0.065,True,1
aut_10096.hoa,?,?,daisy2,1,0,1,1.0,0.065,True,1
aut_10099.hoa,?,?,acc,1,0,1,1.0,1.107,True,1
aut_10100.hoa,?,?,daisy2,1,0,1,1.0,0.067,True,1
aut_10103.hoa,?,?,acc,1,0,1,1.0,1.111,True,1
aut_10104.hoa,?,?,daisy2,1,0,1,1.0,0.066,True,1
aut_10108.hoa,?,?,daisy2,1,0,1,1.0,0.064,True,1
aut_10112.hoa,?,?,daisy2,4,1,5,1.2,0.065,True,G(a | Xa)
aut_10114.hoa,?,?,daisy2,4,1,5,1.2,0.064,True,G(a | Xa)
aut_10116.hoa,?,?,daisy,3,2,3,1.0,0.064,True,GFa
aut_10176.hoa,?,?,-,,,,,0.584,NOT_LTL,
aut_10178.hoa,?,?,acc,1,0,1,1.0,1.109,True,1
aut_10179.hoa,?,?,-,,,,,0.582,NOT_LTL,
aut_10180.hoa,?,?,buchi,5,1,6,1.2,1.120,True,a | XF!a
aut_10182.hoa,?,?,acc,1,0,1,1.0,1.098,True,1
aut_10183.hoa,?,?,buchi,5,1,6,1.2,1.117,True,a | XF!a
aut_10184.hoa,?,?,-,,,,,0.579,NOT_LTL,
aut_10188.hoa,?,?,buchi,5209,999,3079430739250379,591175031532.0,1.765,UNVERIFIED_SIZE,<unflattened DAG: 3079430739250379 tree nodes>
aut_10246.hoa,?,?,daisy+strength2,4,2,5,1.2,0.063,True,a & GFa
aut_10249.hoa,?,?,daisy,1,0,1,1.0,0.064,True,a
aut_10262.hoa,?,?,buchi,24,5,50,2.1,1.127,True,a & X(Fa & (!a | XFa) & ((!a & (a | G(a | X!a))) | G((a | X(a R (!a | XFa))) & (…
aut_10263.hoa,?,?,acc,1,0,1,1.0,1.110,True,a
aut_10266.hoa,?,?,partscc,5,1,7,1.4,0.066,True,a & G(a | Xa)
aut_10295.hoa,?,?,daisy,1,0,1,1.0,0.061,True,a
aut_10304.hoa,?,?,buchi,200,41,8880,44.4,1.142,True,a & (Xa | ((!a | X!a) U (!a & X(!a U (a & Xa))))) & (Xa | ((a | X(a | Xa)) U (!a…
aut_10306.hoa,?,?,buchi,200,41,8880,44.4,1.144,True,a & (Xa | ((!a | X!a) U (!a & X(!a U (a & Xa))))) & (Xa | ((a | X(a | Xa)) U (!a…
aut_10307.hoa,?,?,-,,,,,0.580,NOT_LTL,
aut_10308.hoa,?,?,-,,,,,0.583,NOT_LTL,
aut_10311.hoa,?,?,acc,1,0,1,1.0,1.108,True,a
aut_10320.hoa,?,?,partscc,5,1,7,1.4,0.064,True,a & G(a | Xa)
aut_10339.hoa,?,?,-,,,,,0.585,NOT_LTL,
aut_10354.hoa,?,?,partscc,5,1,7,1.4,0.065,True,a & G(a | Xa)
aut_10371.hoa,?,?,buchi,787,147,6052771,7690.9,1.185,UNVERIFIED_SIZE,<unflattened DAG: 6052771 tree nodes>
aut_10372.hoa,?,?,-,,,,,0.581,NOT_LTL,
aut_10375.hoa,?,?,acc,1,0,1,1.0,1.115,True,a
aut_10380.hoa,?,?,buchi,1704,297,61234521089706,35935751813.2,1.203,UNVERIFIED_SIZE,<unflattened DAG: 61234521089706 tree nodes>
aut_10435.hoa,?,?,-,,,,,0.584,NOT_LTL,
aut_10439.hoa,?,?,acc,1,0,1,1.0,1.108,True,a
aut_10562.hoa,?,?,daisy,1,0,1,1.0,0.066,True,1
aut_10563.hoa,?,?,daisy,1,0,1,1.0,0.064,True,1
aut_10592.hoa,?,?,daisy,1,0,1,1.0,0.064,True,1
aut_10594.hoa,?,?,daisy,1,0,1,1.0,0.064,True,1
aut_10608.hoa,?,?,daisy,1,0,1,1.0,0.064,True,1
aut_10611.hoa,?,?,daisy,1,0,1,1.0,0.061,True,1
aut_10688.hoa,?,?,-,,,,,0.581,NOT_LTL,
aut_10690.hoa,?,?,daisy,1,0,1,1.0,0.063,True,1
aut_10691.hoa,?,?,acc,4,0,5,1.2,1.108,True,a | X!a
aut_11273.hoa,?,?,daisy,1,0,1,1.0,0.065,True,1
aut_11285.hoa,?,?,daisy,1,0,1,1.0,0.063,True,1
aut_11286.hoa,?,?,acc,1,0,1,1.0,1.107,True,1
aut_11287.hoa,?,?,acc,1,0,1,1.0,1.104,True,1
aut_11319.hoa,?,?,buchi,30,7,63,2.1,1.112,True,(F(!a & XF(a & X!a)) & ((a | X(a & XF!a)) U (!a & X(a & XF!a)))) | (a U (!a & X!…
aut_11328.hoa,?,?,-,,,,,0.582,NOT_LTL,
aut_11331.hoa,?,?,-,,,,,0.585,NOT_LTL,
aut_11332.hoa,?,?,daisy2,3,2,3,1.0,0.066,True,GFa
aut_11335.hoa,?,?,acc,1,0,1,1.0,1.131,True,1
aut_11336.hoa,?,?,daisy2,3,2,3,1.0,0.065,True,GFa
aut_11340.hoa,?,?,buchi,1028,188,759621667,738931.6,1.201,UNVERIFIED_SIZE,<unflattened DAG: 759621667 tree nodes>
aut_11363.hoa,?,?,daisy,1,0,1,1.0,0.064,True,1
aut_11376.hoa,?,?,-,,,,,0.584,NOT_LTL,
aut_11378.hoa,?,?,acc,1,0,1,1.0,1.109,True,1
aut_11379.hoa,?,?,-,,,,,0.576,NOT_LTL,
aut_11380.hoa,?,?,daisy2,1,0,1,1.0,0.065,True,1
aut_11383.hoa,?,?,acc,1,0,1,1.0,1.104,True,1
aut_11384.hoa,?,?,daisy2,1,0,1,1.0,0.064,True,1
aut_11388.hoa,?,?,-,,,,,0.580,NOT_LTL,
aut_11395.hoa,?,?,buchi,66,11,401,6.1,1.122,True,(F(!a & X!a) & G(a | X(a | X((!a | XF(!a & X!a)) & (a | ((X(a | X(a R (!a | XF(!…
aut_11399.hoa,?,?,acc,1,0,1,1.0,1.108,True,1
aut_11408.hoa,?,?,daisy,1,0,1,1.0,0.064,True,1
aut_11410.hoa,?,?,daisy,1,0,1,1.0,0.061,True,1
aut_11456.hoa,?,?,-,,,,,0.583,NOT_LTL,
aut_11459.hoa,?,?,buchi,719,142,3327077,4627.4,1.191,UNVERIFIED_SIZE,<unflattened DAG: 3327077 tree nodes>
aut_11460.hoa,?,?,-,,,,,15.025,BUILD_TIMEOUT>15s,
aut_11463.hoa,?,?,buchi,30,7,63,2.1,1.115,True,(F(!a & XF(a & X!a)) & ((a | X(a & XF!a)) U (!a & X(a & XF!a)))) | (a U (!a & X!…
aut_11464.hoa,?,?,-,,,,,0.578,NOT_LTL,
aut_11468.hoa,?,?,buchi,609,124,3318705,5449.4,1.169,UNVERIFIED_SIZE,<unflattened DAG: 3318705 tree nodes>
aut_12128.hoa,?,?,daisy,1,0,1,1.0,0.063,True,1
aut_16642.hoa,?,?,daisy,3,2,3,1.0,0.064,True,FGa
aut_16646.hoa,?,?,daisy,5,3,6,1.2,0.063,True,F(a & GFa)
aut_16672.hoa,?,?,daisy2,3,2,3,1.0,0.064,True,GFa
aut_16674.hoa,?,?,buchi,8,3,16,2.0,1.101,True,(!a R Fa) & G(!a | X(!a R Fa))
aut_16676.hoa,?,?,daisy2,3,2,3,1.0,0.064,True,GFa
aut_16678.hoa,?,?,buchi,9,3,14,1.6,1.107,True,X(Fa & G(!a | X(!a R Fa)))
aut_16680.hoa,?,?,daisy2,3,2,3,1.0,0.064,True,GFa
aut_16684.hoa,?,?,daisy2,3,2,3,1.0,0.065,True,GFa
aut_16704.hoa,?,?,daisy2,1,0,1,1.0,0.064,True,1
aut_16706.hoa,?,?,acc,1,0,1,1.0,1.103,True,1
aut_16736.hoa,?,?,daisy2,1,0,1,1.0,0.063,True,1
aut_16738.hoa,?,?,acc,1,0,1,1.0,1.109,True,1
aut_16740.hoa,?,?,daisy2,1,0,1,1.0,0.065,True,1
aut_16742.hoa,?,?,acc,1,0,1,1.0,1.114,True,1
aut_16744.hoa,?,?,daisy2,1,0,1,1.0,0.064,True,1
aut_16748.hoa,?,?,daisy2,1,0,1,1.0,0.064,True,1
aut_16768.hoa,?,?,daisy2,3,2,3,1.0,0.065,True,GFa
aut_16770.hoa,?,?,buchi,8,3,16,2.0,1.121,True,(!a R Fa) & G(!a | X(!a R Fa))
aut_16771.hoa,?,?,acc,1,0,1,1.0,1.106,True,1
aut_16772.hoa,?,?,daisy2,3,2,3,1.0,0.064,True,GFa
aut_16774.hoa,?,?,buchi,8,3,16,2.0,1.108,True,(!a R Fa) & G(!a | X(!a R Fa))
aut_16897.hoa,?,?,daisy,2,1,2,1.0,0.065,True,Fa
aut_16899.hoa,?,?,daisy,6,2,7,1.2,0.065,True,F(a & XG!a)
aut_16903.hoa,?,?,daisy,6,3,7,1.2,0.064,True,F(a & GF!a)
aut_16905.hoa,?,?,daisy,2,1,2,1.0,0.065,True,Fa
aut_16912.hoa,?,?,daisy2,3,2,3,1.0,0.065,True,GFa
aut_16914.hoa,?,?,partscc,3,2,3,1.0,0.065,True,GFa
aut_16915.hoa,?,?,buchi,2,1,2,1.0,1.103,True,Fa
aut_16916.hoa,?,?,daisy2,3,2,3,1.0,0.064,True,GFa
aut_16918.hoa,?,?,buchi,8,3,13,1.6,1.107,True,Fa & G(!a | X(!a R Fa))
aut_16919.hoa,?,?,buchi,2,1,2,1.0,1.112,True,Fa
aut_16920.hoa,?,?,daisy2,3,2,3,1.0,0.064,True,GFa
aut_16924.hoa,?,?,daisy2,3,2,3,1.0,0.066,True,GFa
aut_16928.hoa,?,?,daisy2,5,2,6,1.2,0.062,True,GF(a & Xa)
aut_16930.hoa,?,?,buchi,46,9,373,8.1,1.115,True,F(a & Xa) & ((!a U (a & Xa)) | ((!a | X!a) U (!a & X(!a U (a & Xa))))) & (((a R …
aut_16931.hoa,?,?,buchi,2,1,2,1.0,1.127,True,Fa
aut_16935.hoa,?,?,buchi,2,1,2,1.0,1.115,True,Fa
aut_16936.hoa,?,?,daisy2,5,2,6,1.2,0.065,True,GF(a & Xa)
aut_16944.hoa,?,?,daisy2,6,2,7,1.2,0.065,True,GF(a & X!a)
aut_16947.hoa,?,?,buchi,726,129,719222,990.7,1.224,UNVERIFIED_SIZE,<unflattened DAG: 719222 tree nodes>
aut_16948.hoa,?,?,daisy2,6,3,7,1.2,0.065,True,G(F!a & Fa)
aut_16951.hoa,?,?,buchi,75,12,325,4.3,1.116,True,((!a U (a & X!a)) | (!a & X(!a U (a & X!a))) | ((!a | X(a & (X!a | (F!a & ((!a |…
aut_16952.hoa,?,?,daisy2,6,3,7,1.2,0.064,True,G(F!a & Fa)
aut_16956.hoa,?,?,daisy2,6,2,7,1.2,0.065,True,GF(a & X!a)
aut_16960.hoa,?,?,daisy2,3,2,3,1.0,0.065,True,GFa
aut_16963.hoa,?,?,buchi,2,1,2,1.0,1.106,True,Fa
aut_16967.hoa,?,?,buchi,2,1,2,1.0,1.107,True,Fa
aut_16995.hoa,?,?,buchi,2,1,2,1.0,1.106,True,Fa
aut_16999.hoa,?,?,buchi,2,1,2,1.0,1.111,True,Fa
aut_17008.hoa,?,?,daisy2,3,2,3,1.0,0.065,True,GFa
aut_17011.hoa,?,?,buchi,2,1,2,1.0,1.106,True,Fa
aut_17012.hoa,?,?,daisy2,3,2,3,1.0,0.065,True,GFa
aut_17015.hoa,?,?,buchi,2,1,2,1.0,1.104,True,Fa
aut_17016.hoa,?,?,daisy2,3,2,3,1.0,0.062,True,GFa
aut_17020.hoa,?,?,daisy2,3,2,3,1.0,0.067,True,GFa
aut_17024.hoa,?,?,daisy2,5,2,6,1.2,0.064,True,GF(a & Xa)
aut_17026.hoa,?,?,-,,,,,0.573,NOT_LTL,
aut_17027.hoa,?,?,buchi,2,1,2,1.0,1.110,True,Fa
aut_17028.hoa,?,?,daisy2,3,2,3,1.0,0.064,True,GFa
aut_17031.hoa,?,?,buchi,2,1,2,1.0,1.109,True,Fa
aut_17088.hoa,?,?,daisy2,6,2,7,1.2,0.066,True,GF(a & X!a)
aut_17091.hoa,?,?,buchi,726,129,719222,990.7,1.221,UNVERIFIED_SIZE,<unflattened DAG: 719222 tree nodes>
aut_17092.hoa,?,?,daisy2,6,3,7,1.2,0.064,True,G(F!a & Fa)
aut_17095.hoa,?,?,buchi,726,129,719222,990.7,1.219,UNVERIFIED_SIZE,<unflattened DAG: 719222 tree nodes>
aut_17474.hoa,?,?,buchi,6899,1184,244623717373390601115304,35457851481865576448.0,1.494,UNVERIFIED_SIZE,<unflattened DAG: 244623717373390601115304 tree nodes>
aut_17507.hoa,?,?,acc,1,0,1,1.0,1.104,True,1
aut_17538.hoa,?,?,-,,,,,0.581,NOT_LTL,
aut_17539.hoa,?,?,buchi,11739,1724,8031191336912167,684146122916.1,2.198,UNVERIFIED_SIZE,<unflattened DAG: 8031191336912167 tree nodes>
aut_17936.hoa,?,?,daisy2,1,0,1,1.0,0.066,True,1
aut_17938.hoa,?,?,acc,1,0,1,1.0,1.104,True,1
aut_17939.hoa,?,?,acc,1,0,1,1.0,1.101,True,1
aut_17940.hoa,?,?,daisy2,1,0,1,1.0,0.064,True,1
aut_17943.hoa,?,?,acc,1,0,1,1.0,1.104,True,1
aut_17944.hoa,?,?,daisy2,1,0,1,1.0,0.066,True,1
aut_17948.hoa,?,?,daisy2,1,0,1,1.0,0.065,True,1
aut_17952.hoa,?,?,daisy2,3,2,3,1.0,0.066,True,GFa
aut_17954.hoa,?,?,buchi,8,3,16,2.0,1.112,True,(!a R Fa) & G(!a | X(!a R Fa))
aut_17955.hoa,?,?,acc,1,0,1,1.0,1.101,True,1
aut_17959.hoa,?,?,acc,1,0,1,1.0,1.099,True,1
aut_17960.hoa,?,?,daisy2,3,2,3,1.0,0.064,True,GFa
aut_17968.hoa,?,?,daisy2,4,2,4,1.0,0.065,True,GF!a
aut_17970.hoa,?,?,acc,1,0,1,1.0,1.106,True,1
aut_17971.hoa,?,?,buchi,8,3,15,1.9,1.111,True,(a R F!a) & G(a | X(a R F!a))
aut_17972.hoa,?,?,daisy2,4,2,4,1.0,0.065,True,GF!a
aut_17975.hoa,?,?,buchi,9,3,14,1.6,1.105,True,X(F!a & G(a | X(a R F!a)))
aut_17976.hoa,?,?,daisy2,4,2,4,1.0,0.064,True,GF!a
aut_17980.hoa,?,?,daisy2,4,2,4,1.0,0.064,True,GF!a
aut_17987.hoa,?,?,acc,1,0,1,1.0,1.106,True,1
aut_17991.hoa,?,?,acc,1,0,1,1.0,1.101,True,1
aut_18019.hoa,?,?,acc,1,0,1,1.0,1.109,True,1
aut_18023.hoa,?,?,acc,1,0,1,1.0,1.104,True,1
aut_18032.hoa,?,?,daisy2,1,0,1,1.0,0.065,True,1
aut_18034.hoa,?,?,acc,1,0,1,1.0,1.109,True,1
aut_18035.hoa,?,?,acc,1,0,1,1.0,1.107,True,1
aut_18036.hoa,?,?,daisy2,1,0,1,1.0,0.065,True,1
aut_18039.hoa,?,?,acc,1,0,1,1.0,1.105,True,1
aut_18040.hoa,?,?,daisy2,1,0,1,1.0,0.065,True,1
aut_18044.hoa,?,?,daisy2,1,0,1,1.0,0.064,True,1
aut_18051.hoa,?,?,acc,1,0,1,1.0,1.103,True,1
aut_18055.hoa,?,?,acc,1,0,1,1.0,1.106,True,1
aut_18115.hoa,?,?,buchi,8,2,12,1.5,1.104,True,F!a & G(a | XXF!a)
aut_18119.hoa,?,?,buchi,8,2,12,1.5,1.111,True,F!a & G(a | XXF!a)
aut_18438.hoa,?,?,daisy,5,3,6,1.2,0.065,True,F(a & GFa)
aut_18439.hoa,?,?,daisy,6,3,7,1.2,0.064,True,F(a & GF!a)
aut_18452.hoa,?,?,daisy2,3,2,3,1.0,0.066,True,GFa
aut_18454.hoa,?,?,buchi,619,111,820086,1324.9,1.180,UNVERIFIED_SIZE,<unflattened DAG: 820086 tree nodes>
aut_18455.hoa,?,?,buchi,2,1,2,1.0,1.106,True,Fa
aut_18456.hoa,?,?,daisy2,3,2,3,1.0,0.065,True,GFa
aut_18460.hoa,?,?,daisy2,3,2,3,1.0,0.064,True,GFa
aut_18468.hoa,?,?,daisy2,3,2,3,1.0,0.065,True,GFa
aut_18476.hoa,?,?,daisy2,3,2,3,1.0,0.062,True,GFa
aut_18484.hoa,?,?,daisy2,6,3,7,1.2,0.064,True,G(F!a & Fa)
aut_18488.hoa,?,?,daisy2,6,3,7,1.2,0.064,True,G(F!a & Fa)
aut_18492.hoa,?,?,daisy2,6,2,7,1.2,0.065,True,GF(a & X!a)
aut_18498.hoa,?,?,buchi,46,9,373,8.1,1.114,True,F(a & Xa) & ((!a U (a & Xa)) | ((!a | X!a) U (!a & X(!a U (a & Xa))))) & (((a R …
aut_18499.hoa,?,?,-,,,,,15.022,BUILD_TIMEOUT>15s,
aut_18531.hoa,?,?,buchi,2,1,2,1.0,1.137,True,Fa
aut_18536.hoa,?,?,daisy2,5,2,6,1.2,0.064,True,GF(a & Xa)
aut_18546.hoa,?,?,daisy,3,2,3,1.0,0.064,True,GFa
aut_18562.hoa,?,?,-,,,,,0.585,NOT_LTL,
aut_18563.hoa,?,?,-,,,,,15.024,BUILD_TIMEOUT>15s,
aut_18627.hoa,?,?,-,,,,,0.583,NOT_LTL,
aut_24834.hoa,?,?,daisy,3,2,3,1.0,0.064,True,GFa
aut_24835.hoa,?,?,daisy+strength2,1,0,1,1.0,0.066,True,1
aut_24838.hoa,?,?,daisy,3,2,3,1.0,0.063,True,GFa
aut_24839.hoa,?,?,daisy,1,0,1,1.0,0.066,True,1
aut_24864.hoa,?,?,daisy2,3,2,3,1.0,0.065,True,GFa
aut_24868.hoa,?,?,daisy2,3,2,3,1.0,0.064,True,GFa
aut_24880.hoa,?,?,daisy2,1,0,1,1.0,0.065,True,1
aut_24883.hoa,?,?,acc,1,0,1,1.0,1.097,True,1
aut_24884.hoa,?,?,daisy2,1,0,1,1.0,0.061,True,1
aut_24887.hoa,?,?,acc,1,0,1,1.0,1.104,True,1
aut_24888.hoa,?,?,daisy2,1,0,1,1.0,0.064,True,1
aut_24892.hoa,?,?,daisy2,1,0,1,1.0,0.064,True,1
aut_24896.hoa,?,?,daisy2,1,0,1,1.0,0.064,True,1
aut_24898.hoa,?,?,acc,1,0,1,1.0,1.106,True,1
aut_24899.hoa,?,?,acc,1,0,1,1.0,1.112,True,1
aut_24928.hoa,?,?,daisy2,1,0,1,1.0,0.065,True,1
aut_24944.hoa,?,?,daisy2,1,0,1,1.0,0.065,True,1
aut_24947.hoa,?,?,acc,1,0,1,1.0,1.100,True,1
aut_24948.hoa,?,?,daisy2,1,0,1,1.0,0.064,True,1
aut_24951.hoa,?,?,acc,1,0,1,1.0,1.108,True,1
aut_24952.hoa,?,?,daisy2,1,0,1,1.0,0.065,True,1
aut_24956.hoa,?,?,daisy2,1,0,1,1.0,0.064,True,1
aut_24960.hoa,?,?,daisy2,3,2,3,1.0,0.062,True,GFa
aut_24962.hoa,?,?,buchi,8,3,13,1.6,1.108,True,Fa & G(!a | X(!a R Fa))
aut_24963.hoa,?,?,acc,1,0,1,1.0,1.108,True,1
aut_24964.hoa,?,?,daisy2,3,2,3,1.0,0.064,True,GFa
aut_24966.hoa,?,?,buchi,8,3,13,1.6,1.131,True,Fa & G(!a | X(!a R Fa))
aut_25024.hoa,?,?,daisy2,1,0,1,1.0,0.065,True,1
aut_25026.hoa,?,?,acc,1,0,1,1.0,1.101,True,1
aut_25027.hoa,?,?,acc,1,0,1,1.0,1.109,True,1
aut_25028.hoa,?,?,daisy2,1,0,1,1.0,0.066,True,1
aut_25031.hoa,?,?,acc,1,0,1,1.0,1.098,True,1
aut_25091.hoa,?,?,daisy+strength2,9,4,11,1.2,0.063,True,F((a & XG!a) | GFa)
aut_25095.hoa,?,?,daisy,9,5,11,1.2,0.067,True,F(GFa | (a & GF!a))
aut_25104.hoa,?,?,daisy2,3,2,3,1.0,0.064,True,GFa
aut_25107.hoa,?,?,buchi,2,1,2,1.0,1.111,True,Fa
aut_25108.hoa,?,?,daisy2,3,2,3,1.0,0.065,True,GFa
aut_25123.hoa,?,?,buchi,2,1,2,1.0,1.109,True,Fa
aut_25127.hoa,?,?,buchi,2,1,2,1.0,1.109,True,Fa
aut_25155.hoa,?,?,buchi,2,1,2,1.0,1.114,True,Fa
aut_25159.hoa,?,?,buchi,2,1,2,1.0,1.107,True,Fa
aut_25187.hoa,?,?,buchi,2,1,2,1.0,1.105,True,Fa
aut_25191.hoa,?,?,buchi,2,1,2,1.0,1.107,True,Fa
aut_25219.hoa,?,?,buchi,2,1,2,1.0,1.110,True,Fa
aut_25223.hoa,?,?,buchi,2,1,2,1.0,1.117,True,Fa
aut_25283.hoa,?,?,buchi,2,1,2,1.0,1.133,True,Fa
aut_25287.hoa,?,?,buchi,2,1,2,1.0,1.107,True,Fa
aut_25392.hoa,?,?,daisy2,1,0,1,1.0,0.063,True,1
aut_25395.hoa,?,?,acc,1,0,1,1.0,1.104,True,1
aut_25396.hoa,?,?,daisy2,1,0,1,1.0,0.067,True,1
aut_25399.hoa,?,?,acc,1,0,1,1.0,1.106,True,1
aut_25400.hoa,?,?,daisy2,1,0,1,1.0,0.065,True,1
aut_25404.hoa,?,?,daisy2,1,0,1,1.0,0.064,True,1
aut_25456.hoa,?,?,daisy2,1,0,1,1.0,0.064,True,1
aut_25459.hoa,?,?,acc,1,0,1,1.0,1.111,True,1
aut_25460.hoa,?,?,daisy2,1,0,1,1.0,0.065,True,1
aut_25463.hoa,?,?,acc,1,0,1,1.0,1.102,True,1
aut_25464.hoa,?,?,daisy2,1,0,1,1.0,0.065,True,1
aut_25468.hoa,?,?,daisy2,1,0,1,1.0,0.066,True,1
aut_25616.hoa,?,?,daisy2,1,0,1,1.0,0.065,True,1
aut_25618.hoa,?,?,acc,1,0,1,1.0,1.110,True,1
aut_25619.hoa,?,?,acc,1,0,1,1.0,1.110,True,1
aut_25635.hoa,?,?,acc,1,0,1,1.0,1.110,True,1
aut_25667.hoa,?,?,acc,1,0,1,1.0,1.104,True,1
aut_25671.hoa,?,?,acc,1,0,1,1.0,1.106,True,1
aut_25699.hoa,?,?,acc,1,0,1,1.0,1.108,True,1
aut_25731.hoa,?,?,acc,1,0,1,1.0,1.110,True,1
aut_25735.hoa,?,?,acc,1,0,1,1.0,1.106,True,1
aut_25795.hoa,?,?,acc,1,0,1,1.0,1.110,True,1
aut_25799.hoa,?,?,acc,1,0,1,1.0,1.095,True,1
aut_26128.hoa,?,?,daisy2,1,0,1,1.0,0.065,True,1
aut_26131.hoa,?,?,acc,1,0,1,1.0,1.105,True,1
aut_26147.hoa,?,?,acc,1,0,1,1.0,1.107,True,1
aut_26151.hoa,?,?,acc,1,0,1,1.0,1.107,True,1
aut_26179.hoa,?,?,acc,1,0,1,1.0,1.124,True,1
aut_26183.hoa,?,?,acc,1,0,1,1.0,1.110,True,1
aut_26211.hoa,?,?,acc,1,0,1,1.0,1.110,True,1
aut_26215.hoa,?,?,acc,1,0,1,1.0,1.105,True,1
aut_26243.hoa,?,?,acc,1,0,1,1.0,1.108,True,1
aut_26247.hoa,?,?,acc,1,0,1,1.0,1.111,True,1
aut_26307.hoa,?,?,acc,1,0,1,1.0,1.101,True,1
aut_26311.hoa,?,?,acc,1,0,1,1.0,1.106,True,1
aut_26416.hoa,?,?,daisy2,1,0,1,1.0,0.064,True,1
aut_26419.hoa,?,?,acc,1,0,1,1.0,1.096,True,1
aut_26420.hoa,?,?,daisy2,1,0,1,1.0,0.065,True,1
aut_26423.hoa,?,?,acc,1,0,1,1.0,1.105,True,1
aut_26424.hoa,?,?,daisy2,1,0,1,1.0,0.064,True,1
aut_26428.hoa,?,?,daisy2,1,0,1,1.0,0.065,True,1
aut_26480.hoa,?,?,daisy2,1,0,1,1.0,0.061,True,1
aut_26483.hoa,?,?,acc,1,0,1,1.0,1.111,True,1
aut_26484.hoa,?,?,daisy2,1,0,1,1.0,0.064,True,1
aut_26487.hoa,?,?,acc,1,0,1,1.0,1.115,True,1
aut_26488.hoa,?,?,daisy2,1,0,1,1.0,0.065,True,1
aut_26492.hoa,?,?,daisy2,1,0,1,1.0,0.064,True,1
aut_26625.hoa,?,?,daisy+strength2,2,1,2,1.0,0.064,True,Fa
aut_26640.hoa,?,?,daisy2,3,2,3,1.0,0.062,True,GFa
aut_26642.hoa,?,?,buchi,8,3,13,1.6,1.102,True,Fa & G(!a | X(!a R Fa))
aut_26643.hoa,?,?,buchi,2,1,2,1.0,1.092,True,Fa
aut_26644.hoa,?,?,daisy2,3,2,3,1.0,0.065,True,GFa
aut_26646.hoa,?,?,buchi,619,111,820086,1324.9,1.184,UNVERIFIED_SIZE,<unflattened DAG: 820086 tree nodes>
aut_26647.hoa,?,?,buchi,2,1,2,1.0,1.099,True,Fa
aut_26659.hoa,?,?,buchi,2,1,2,1.0,1.107,True,Fa
aut_26691.hoa,?,?,buchi,2,1,2,1.0,1.105,True,Fa
aut_26695.hoa,?,?,buchi,2,1,2,1.0,1.106,True,Fa
aut_26723.hoa,?,?,buchi,2,1,2,1.0,1.127,True,Fa
aut_26755.hoa,?,?,buchi,2,1,2,1.0,1.108,True,Fa
aut_26759.hoa,?,?,buchi,2,1,2,1.0,1.104,True,Fa
aut_26819.hoa,?,?,buchi,2,1,2,1.0,1.104,True,Fa
aut_26823.hoa,?,?,buchi,2,1,2,1.0,1.105,True,Fa
aut_27664.hoa,?,?,daisy2,1,0,1,1.0,0.064,True,1
aut_27666.hoa,?,?,acc,1,0,1,1.0,1.103,True,1
aut_27672.hoa,?,?,daisy2,1,0,1,1.0,0.064,True,1
aut_27699.hoa,?,?,acc,1,0,1,1.0,1.107,True,1
aut_27703.hoa,?,?,acc,1,0,1,1.0,1.109,True,1
aut_27715.hoa,?,?,acc,1,0,1,1.0,1.106,True,1
aut_27719.hoa,?,?,acc,1,0,1,1.0,1.109,True,1
aut_27779.hoa,?,?,acc,1,0,1,1.0,1.108,True,1
aut_27783.hoa,?,?,acc,1,0,1,1.0,1.111,True,1
aut_27843.hoa,?,?,acc,1,0,1,1.0,1.109,True,1
aut_27847.hoa,?,?,acc,1,0,1,1.0,1.102,True,1
aut_33027.hoa,?,?,daisy,4,2,5,1.2,0.064,True,a U G!a
aut_33030.hoa,?,?,daisy,3,2,3,1.0,0.065,True,GFa
aut_33031.hoa,?,?,daisy,4,2,4,1.0,0.064,True,GF!a
aut_33056.hoa,?,?,daisy2,4,1,5,1.2,0.064,True,G(a | Xa)
aut_33058.hoa,?,?,buchi,32,8,88,2.8,1.117,True,((!a R (a | Xa)) & (Ga | ((!a & X!a) R (!a | X(!a | X(!a R (a | Xa)))))) & ((!a …
aut_33060.hoa,?,?,daisy2,3,2,3,1.0,0.065,True,GFa
aut_33062.hoa,?,?,buchi,8,3,16,2.0,1.107,True,(!a R Fa) & G(!a | X(!a R Fa))
aut_33064.hoa,?,?,daisy2,4,1,5,1.2,0.065,True,G(a | Xa)
aut_33068.hoa,?,?,daisy2,3,2,3,1.0,0.065,True,GFa
aut_33072.hoa,?,?,-,,,,,0.585,NOT_LTL,
aut_33075.hoa,?,?,buchi,105,17,1371,13.1,1.139,True,X(a | X(!a | X(!a | X!a | (X(a & XF!a) & ((!a | Xa) U (a & X(a & X!a))))))) & ((…
aut_33076.hoa,?,?,daisy2,4,2,4,1.0,0.065,True,GF!a
aut_33079.hoa,?,?,buchi,9,3,14,1.6,1.112,True,X(F!a & G(a | X(a R F!a)))
aut_33080.hoa,?,?,daisy2,4,2,4,1.0,0.065,True,GF!a
aut_33084.hoa,?,?,buchi,105,17,1371,13.1,1.142,True,X(a | X(!a | X(!a | X!a | (X(a & XF!a) & ((!a | Xa) U (a & X(a & X!a))))))) & ((…
aut_33088.hoa,?,?,daisy2,1,0,1,1.0,0.062,True,1
aut_33090.hoa,?,?,acc,1,0,1,1.0,1.107,True,1
aut_33091.hoa,?,?,acc,1,0,1,1.0,1.105,True,1
aut_33092.hoa,?,?,daisy2,1,0,1,1.0,0.066,True,1
aut_33094.hoa,?,?,acc,1,0,1,1.0,1.111,True,1
aut_33095.hoa,?,?,acc,1,0,1,1.0,1.110,True,1
aut_33096.hoa,?,?,daisy2,1,0,1,1.0,0.066,True,1
aut_33100.hoa,?,?,daisy2,1,0,1,1.0,0.065,True,1
aut_33120.hoa,?,?,daisy2,1,0,1,1.0,0.063,True,1
aut_33122.hoa,?,?,acc,1,0,1,1.0,1.106,True,1
aut_33124.hoa,?,?,daisy2,1,0,1,1.0,0.065,True,1
aut_33126.hoa,?,?,acc,1,0,1,1.0,1.106,True,1
aut_33128.hoa,?,?,daisy2,1,0,1,1.0,0.066,True,1
aut_33132.hoa,?,?,daisy2,1,0,1,1.0,0.065,True,1
aut_33136.hoa,?,?,daisy2,1,0,1,1.0,0.065,True,1
aut_33139.hoa,?,?,acc,1,0,1,1.0,1.110,True,1
aut_33140.hoa,?,?,daisy2,1,0,1,1.0,0.061,True,1
aut_33143.hoa,?,?,acc,1,0,1,1.0,1.106,True,1
aut_33144.hoa,?,?,daisy2,1,0,1,1.0,0.066,True,1
aut_33148.hoa,?,?,daisy2,1,0,1,1.0,0.064,True,1
aut_33152.hoa,?,?,daisy2,4,1,5,1.2,0.066,True,G(a | Xa)
aut_33154.hoa,?,?,buchi,32,8,88,2.8,1.114,True,((!a R (a | Xa)) & (Ga | ((!a & X!a) R (!a | X(!a | X(!a R (a | Xa)))))) & ((!a …
aut_33155.hoa,?,?,acc,1,0,1,1.0,1.105,True,1
aut_33156.hoa,?,?,daisy2,3,2,3,1.0,0.064,True,GFa
aut_33158.hoa,?,?,buchi,64,13,369,5.8,1.139,True,(G(!a | X(!a R (a | X((a & XF!a) | (!a & X(F(a & XF!a) & (a | Xa | (X(!a & XFa) …
aut_33216.hoa,?,?,-,,,,,0.582,NOT_LTL,
aut_33218.hoa,?,?,acc,1,0,1,1.0,1.109,True,1
aut_33219.hoa,?,?,buchi,105,17,1371,13.1,1.139,True,X(a | X(!a | X(!a | X!a | (X(a & XF!a) & ((!a | Xa) U (a & X(a & X!a))))))) & ((…
aut_33220.hoa,?,?,daisy2,4,2,4,1.0,0.063,True,GF!a
aut_33222.hoa,?,?,acc,1,0,1,1.0,1.103,True,1
aut_33223.hoa,?,?,buchi,19,4,35,1.8,1.121,True,F!a & (a | XF!a) & (XG(a | X(a R F!a)) | (a & X(!a & (a | G(a | X!a)))))
aut_33224.hoa,?,?,daisy2,4,2,4,1.0,0.065,True,GF!a
aut_33228.hoa,?,?,buchi,276,58,3213,11.6,1.171,True,((!a & X!a) | (((a & X!a) | (!a & X(a & X!a)) | ((XXXF!a | (a & XXF!a)) & ((a & …
aut_33283.hoa,?,?,daisy,6,2,8,1.3,0.063,True,a & X(a U G!a)
aut_33287.hoa,?,?,daisy,5,2,6,1.2,0.066,True,a & GF!a
aut_33296.hoa,?,?,buchi,30,5,71,2.4,1.117,True,a & ((X(a | Xa) & ((!a & X!a) R ((!a | X(!a | X(!a R (a | Xa)))) & (a | X(!a | X…
aut_33298.hoa,?,?,partscc,5,1,7,1.4,0.067,True,a & G(a | Xa)
aut_33299.hoa,?,?,acc,1,0,1,1.0,1.124,True,a
aut_33300.hoa,?,?,buchi,16,4,31,1.9,1.115,True,a & XFa & G((!a | X(!a | X(!a R Fa))) & (a | X(a R (!a | XFa))))
aut_33303.hoa,?,?,acc,1,0,1,1.0,1.118,True,a
aut_33304.hoa,?,?,buchi,30,5,71,2.4,1.116,True,a & ((X(a | Xa) & ((!a & X!a) R ((!a | X(!a | X(!a R (a | Xa)))) & (a | X(!a | X…
aut_33308.hoa,?,?,buchi,16,4,31,1.9,1.120,True,a & XFa & G((!a | X(!a | X(!a R Fa))) & (a | X(a R (!a | XFa))))
aut_33315.hoa,?,?,buchi,787,147,6052771,7690.9,1.190,UNVERIFIED_SIZE,<unflattened DAG: 6052771 tree nodes>
aut_33316.hoa,?,?,buchi,184,35,73119,397.4,1.136,True,a & (!a | X(a | X((a | Xa | (X(!a & XFa) & ((a | X!a) U (!a & X(!a & Xa))))) & (…
aut_33319.hoa,?,?,acc,1,0,1,1.0,1.112,True,a
aut_33324.hoa,?,?,buchi,460,85,3620391,7870.4,1.169,UNVERIFIED_SIZE,<unflattened DAG: 3620391 tree nodes>
aut_33328.hoa,?,?,buchi,14,3,29,2.1,1.116,True,a & XF!a & ((!a & X!a) R (!a | X(!a R (a | X(a & XF!a)))))
aut_33331.hoa,?,?,buchi,24,5,51,2.1,1.128,True,a & F!a & X((a | XF!a) & ((!a & (a | G(a | X!a))) | G((a | X(a | X(a R F!a))) & …
aut_33332.hoa,?,?,buchi,4346,738,315091768906091,72501557502.6,1.456,UNVERIFIED_SIZE,<unflattened DAG: 315091768906091 tree nodes>
aut_33335.hoa,?,?,buchi,18,5,35,1.9,1.118,True,a & F(a & XF!a) & G((!a | X(!a R (a | XF!a))) & (a | X(a | X(a R F!a))))
aut_33336.hoa,?,?,buchi,14,3,29,2.1,1.113,True,a & XF!a & ((!a & X!a) R (!a | X(!a R (a | X(a & XF!a)))))
aut_33340.hoa,?,?,buchi,159,27,10512,66.1,1.149,True,(a & (X!a | F((!a & X(!a U (a & X!a))) | (a & X(a & (X(!a | X!a | (X(a & XF!a) &…
aut_33344.hoa,?,?,buchi,30,5,71,2.4,1.116,True,a & ((X(a | Xa) & ((!a & X!a) R ((!a | X(!a | X(!a R (a | Xa)))) & (a | X(!a | X…
aut_33346.hoa,?,?,partscc,5,1,7,1.4,0.065,True,a & G(a | Xa)
aut_33347.hoa,?,?,acc,1,0,1,1.0,1.104,True,a
aut_33348.hoa,?,?,buchi,5161,876,2945605709571695,570743210535.1,1.550,UNVERIFIED_SIZE,<unflattened DAG: 2945605709571695 tree nodes>
aut_33351.hoa,?,?,acc,1,0,1,1.0,1.144,True,a
aut_33352.hoa,?,?,buchi,30,5,71,2.4,1.116,True,a & ((X(a | Xa) & ((!a & X!a) R ((!a | X(!a | X(!a R (a | Xa)))) & (a | X(!a | X…
aut_33356.hoa,?,?,buchi,5161,876,2945605709571695,570743210535.1,1.549,UNVERIFIED_SIZE,<unflattened DAG: 2945605709571695 tree nodes>
aut_33376.hoa,?,?,buchi,30,5,71,2.4,1.122,True,a & ((X(a | Xa) & ((!a & X!a) R ((!a | X(!a | X(!a R (a | Xa)))) & (a | X(!a | X…
aut_33379.hoa,?,?,acc,1,0,1,1.0,1.107,True,a
aut_33380.hoa,?,?,buchi,16,4,31,1.9,1.117,True,a & XFa & G((!a | X(!a | X(!a R Fa))) & (a | X(a R (!a | XFa))))
aut_33383.hoa,?,?,acc,1,0,1,1.0,1.110,True,a
aut_33384.hoa,?,?,buchi,30,5,71,2.4,1.120,True,a & ((X(a | Xa) & ((!a & X!a) R ((!a | X(!a | X(!a R (a | Xa)))) & (a | X(!a | X…
aut_33388.hoa,?,?,buchi,16,4,31,1.9,1.118,True,a & XFa & G((!a | X(!a | X(!a R Fa))) & (a | X(a R (!a | XFa))))
aut_33392.hoa,?,?,buchi,30,5,71,2.4,1.116,True,a & ((X(a | Xa) & ((!a & X!a) R ((!a | X(!a | X(!a R (a | Xa)))) & (a | X(!a | X…
aut_33395.hoa,?,?,acc,1,0,1,1.0,1.110,True,a
aut_33396.hoa,?,?,buchi,16,4,31,1.9,1.113,True,a & XFa & G((!a | X(!a | X(!a R Fa))) & (a | X(a R (!a | XFa))))
aut_33399.hoa,?,?,acc,1,0,1,1.0,1.113,True,a
aut_33400.hoa,?,?,buchi,30,5,71,2.4,1.120,True,a & ((X(a | Xa) & ((!a & X!a) R ((!a | X(!a | X(!a R (a | Xa)))) & (a | X(!a | X…
aut_33404.hoa,?,?,buchi,16,4,31,1.9,1.110,True,a & XFa & G((!a | X(!a | X(!a R Fa))) & (a | X(a R (!a | XFa))))
aut_33408.hoa,?,?,daisy2,2,1,2,1.0,0.066,True,Ga
aut_33411.hoa,?,?,buchi,787,147,6052771,7690.9,1.184,UNVERIFIED_SIZE,<unflattened DAG: 6052771 tree nodes>
aut_33412.hoa,?,?,-,,,,,0.583,NOT_LTL,
aut_33415.hoa,?,?,acc,1,0,1,1.0,1.113,True,a
aut_33420.hoa,?,?,buchi,35791,5941,2748385567836173565593641371998,76789851298822992244506624.0,2.960,UNVERIFIED_SIZE,<unflattened DAG: 2748385567836173565593641371998 tree nodes>
aut_33472.hoa,?,?,buchi,14,3,29,2.1,1.113,True,a & XF!a & ((!a & X!a) R (!a | X(!a R (a | X(a & XF!a)))))
aut_33475.hoa,?,?,buchi,24,5,51,2.1,1.132,True,a & F!a & X((a | XF!a) & ((!a & (a | G(a | X!a))) | G((a | X(a | X(a R F!a))) & …
aut_33476.hoa,?,?,buchi,185,37,564880,3053.4,1.137,UNVERIFIED_SIZE,<unflattened DAG: 564880 tree nodes>
aut_33479.hoa,?,?,buchi,24,5,51,2.1,1.129,True,a & F!a & X((a | XF!a) & ((!a & (a | G(a | X!a))) | G((a | X(a | X(a R F!a))) & …
aut_33480.hoa,?,?,buchi,14,3,29,2.1,1.114,True,a & XF!a & ((!a & X!a) R (!a | X(!a R (a | X(a & XF!a)))))
aut_33484.hoa,?,?,buchi,185,37,564880,3053.4,1.135,UNVERIFIED_SIZE,<unflattened DAG: 564880 tree nodes>
aut_33538.hoa,?,?,daisy,6,2,8,1.3,0.064,True,a U (!a & XGa)
aut_33552.hoa,?,?,daisy2,4,2,4,1.0,0.064,True,GF!a
aut_33554.hoa,?,?,-,,,,,0.583,NOT_LTL,
aut_33556.hoa,?,?,daisy2,4,2,4,1.0,0.065,True,GF!a
aut_33558.hoa,?,?,buchi,3,1,3,1.0,1.105,True,F!a
aut_33560.hoa,?,?,daisy2,4,2,4,1.0,0.063,True,GF!a
aut_33564.hoa,?,?,daisy2,4,2,4,1.0,0.064,True,GF!a
aut_33568.hoa,?,?,daisy2,8,2,12,1.5,0.063,True,G(F(!a & Xa) & (a | Xa))
aut_33570.hoa,?,?,buchi,194,37,1676,8.6,1.171,True,((a | X(a & X(!a | X!a | (X(a & XF!a) & ((!a | Xa) U (a & X(a & X!a))))))) & (((…
aut_33572.hoa,?,?,daisy2,6,3,7,1.2,0.066,True,G(Fa & F!a)
aut_33574.hoa,?,?,buchi,72,14,300,4.2,1.126,True,(!a | X!a | (X(a & XF!a) & ((!a | Xa) U (a & X(a & X!a))))) & ((a & Xa & (X(!a |…
aut_33576.hoa,?,?,daisy2,8,2,12,1.5,0.065,True,G(F(!a & Xa) & (a | Xa))
aut_33580.hoa,?,?,daisy2,6,3,7,1.2,0.066,True,G(Fa & F!a)
aut_33584.hoa,?,?,-,,,,,0.581,NOT_LTL,
aut_33586.hoa,?,?,-,,,,,0.583,NOT_LTL,
aut_33587.hoa,?,?,buchi,424,83,2005270,4729.4,1.158,UNVERIFIED_SIZE,<unflattened DAG: 2005270 tree nodes>
aut_33590.hoa,?,?,buchi,3,1,3,1.0,1.108,True,F!a
aut_33596.hoa,?,?,buchi,424,83,2005270,4729.4,1.165,UNVERIFIED_SIZE,<unflattened DAG: 2005270 tree nodes>
aut_33600.hoa,?,?,daisy2,4,2,4,1.0,0.064,True,GF!a
aut_33602.hoa,?,?,-,,,,,0.580,NOT_LTL,
aut_33604.hoa,?,?,daisy2,4,2,4,1.0,0.064,True,GF!a
aut_33606.hoa,?,?,buchi,3,1,3,1.0,1.104,True,F!a
aut_33608.hoa,?,?,daisy2,4,2,4,1.0,0.065,True,GF!a
aut_33612.hoa,?,?,daisy2,4,2,4,1.0,0.061,True,GF!a
aut_33632.hoa,?,?,daisy2,4,2,4,1.0,0.064,True,GF!a
aut_33634.hoa,?,?,-,,,,,0.584,NOT_LTL,
aut_33636.hoa,?,?,daisy2,4,2,4,1.0,0.064,True,GF!a
aut_33638.hoa,?,?,buchi,3,1,3,1.0,1.108,True,F!a
aut_33640.hoa,?,?,daisy2,4,2,4,1.0,0.062,True,GF!a
aut_33644.hoa,?,?,daisy2,4,2,4,1.0,0.066,True,GF!a
aut_33650.hoa,?,?,-,,,,,0.585,NOT_LTL,
aut_33654.hoa,?,?,buchi,3,1,3,1.0,1.130,True,F!a
aut_33664.hoa,?,?,daisy2,8,2,12,1.5,0.065,True,G(F(!a & Xa) & (a | Xa))
aut_33666.hoa,?,?,buchi,194,37,1676,8.6,1.145,True,((a | X(a & X(!a | X!a | (X(a & XF!a) & ((!a | Xa) U (a & X(a & X!a))))))) & (((…
aut_33668.hoa,?,?,daisy2,6,3,7,1.2,0.066,True,G(Fa & F!a)
aut_33670.hoa,?,?,buchi,362,63,2878695,7952.2,1.155,UNVERIFIED_SIZE,<unflattened DAG: 2878695 tree nodes>
aut_33728.hoa,?,?,-,,,,,0.580,NOT_LTL,
aut_33730.hoa,?,?,-,,,,,0.586,NOT_LTL,
aut_33731.hoa,?,?,buchi,424,83,2005270,4729.4,1.161,UNVERIFIED_SIZE,<unflattened DAG: 2005270 tree nodes>
aut_33732.hoa,?,?,daisy2,4,2,4,1.0,0.066,True,GF!a
aut_33734.hoa,?,?,buchi,3,1,3,1.0,1.106,True,F!a
aut_33736.hoa,?,?,daisy2,4,2,4,1.0,0.064,True,GF!a
aut_33740.hoa,?,?,buchi,4273,741,314685731206243,73645151230.1,1.366,UNVERIFIED_SIZE,<unflattened DAG: 314685731206243 tree nodes>
aut_33816.hoa,?,?,daisy2,1,0,1,1.0,0.064,True,1
aut_33820.hoa,?,?,daisy2,1,0,1,1.0,0.064,True,1
aut_33832.hoa,?,?,daisy2,4,1,5,1.2,0.066,True,G(a | Xa)
aut_33836.hoa,?,?,daisy2,3,2,3,1.0,0.065,True,GFa
aut_33848.hoa,?,?,daisy2,4,2,4,1.0,0.066,True,GF!a
aut_33852.hoa,?,?,buchi,47258,8754,96278864367642944559027015727430,2037302982937131203031990272.0,3.056,UNVERIFIED_SIZE,<unflattened DAG: 96278864367642944559027015727430 tree nodes>
aut_33858.hoa,?,?,buchi,4540,808,5354557336598856051,1179417915550408.8,1.498,UNVERIFIED_SIZE,<unflattened DAG: 5354557336598856051 tree nodes>
aut_33859.hoa,?,?,-,,,,,0.580,NOT_LTL,
aut_33888.hoa,?,?,daisy2,3,2,3,1.0,0.065,True,GFa
aut_33890.hoa,?,?,buchi,1187,194,10733494,9042.5,1.239,UNVERIFIED_SIZE,<unflattened DAG: 10733494 tree nodes>
aut_33891.hoa,?,?,acc,1,0,1,1.0,1.110,True,1
aut_33896.hoa,?,?,daisy2,3,2,3,1.0,0.064,True,GFa
aut_33900.hoa,?,?,daisy2,3,2,3,1.0,0.066,True,GFa
aut_33904.hoa,?,?,-,,,,,0.584,NOT_LTL,
aut_33906.hoa,?,?,acc,1,0,1,1.0,1.106,True,1
aut_33907.hoa,?,?,buchi,86,22,417,4.8,1.121,True,((a & XF!a) | F((!a & X!a) | (a & X(a & XF!a)))) & (a | X!a | (((!a | X!a) U (!a…
aut_33912.hoa,?,?,daisy2,4,2,4,1.0,0.065,True,GF!a
aut_33916.hoa,?,?,-,,,,,15.024,BUILD_TIMEOUT>15s,
aut_33922.hoa,?,?,buchi,428,85,15111111,35306.3,1.151,UNVERIFIED_SIZE,<unflattened DAG: 15111111 tree nodes>
aut_33923.hoa,?,?,buchi,1097,199,1353922752,1234204.9,1.200,UNVERIFIED_SIZE,<unflattened DAG: 1353922752 tree nodes>
aut_33986.hoa,?,?,-,,,,,15.026,BUILD_TIMEOUT>15s,
aut_33987.hoa,?,?,-,,,,,0.583,NOT_LTL,
aut_34320.hoa,?,?,daisy2,1,0,1,1.0,0.064,True,1
aut_34322.hoa,?,?,acc,1,0,1,1.0,1.104,True,1
aut_34323.hoa,?,?,acc,1,0,1,1.0,1.106,True,1
aut_34324.hoa,?,?,daisy2,1,0,1,1.0,0.061,True,1
aut_34327.hoa,?,?,acc,1,0,1,1.0,1.107,True,1
aut_34328.hoa,?,?,daisy2,1,0,1,1.0,0.066,True,1
aut_34332.hoa,?,?,daisy2,1,0,1,1.0,0.065,True,1
aut_34336.hoa,?,?,daisy2,4,1,5,1.2,0.065,True,G(a | Xa)
aut_34338.hoa,?,?,buchi,32,8,88,2.8,1.109,True,((!a R (a | Xa)) & (Ga | ((!a & X!a) R (!a | X(!a | X(!a R (a | Xa)))))) & ((!a …
aut_34339.hoa,?,?,acc,1,0,1,1.0,1.103,True,1
aut_34343.hoa,?,?,acc,1,0,1,1.0,1.113,True,1
aut_34344.hoa,?,?,daisy2,4,1,5,1.2,0.065,True,G(a | Xa)
aut_34352.hoa,?,?,-,,,,,0.584,NOT_LTL,
aut_34354.hoa,?,?,acc,1,0,1,1.0,1.109,True,1
aut_34355.hoa,?,?,buchi,105,17,1371,13.1,1.136,True,X(a | X(!a | X(!a | X!a | (X(a & XF!a) & ((!a | Xa) U (a & X(a & X!a))))))) & ((…
aut_34356.hoa,?,?,daisy2,4,2,4,1.0,0.065,True,GF!a
aut_34359.hoa,?,?,buchi,9,3,14,1.6,1.113,True,X(F!a & G(a | X(a R F!a)))
aut_34360.hoa,?,?,daisy2,4,2,4,1.0,0.065,True,GF!a
aut_34364.hoa,?,?,buchi,238,43,5565,23.4,1.147,True,((!a & X!a) | (((a & X!a) | (((a | Xa) U (a & X(a & (X!a | (F(a & X(a & X!a)) & …
aut_34368.hoa,?,?,-,,,,,0.582,NOT_LTL,
aut_34371.hoa,?,?,buchi,132,31,819,6.2,1.129,True,((a | (F((a & Xa) | (!a & X(!a & XFa))) & (X!a | (((!a | X!a) U (!a & X(!a U (a …
aut_34372.hoa,?,?,daisy2,3,2,3,1.0,0.065,True,GFa
aut_34375.hoa,?,?,acc,1,0,1,1.0,1.108,True,1
aut_34376.hoa,?,?,daisy2,3,2,3,1.0,0.065,True,GFa
aut_34380.hoa,?,?,-,,,,,15.023,BUILD_TIMEOUT>15s,
aut_34403.hoa,?,?,acc,1,0,1,1.0,1.111,True,1
aut_34407.hoa,?,?,acc,1,0,1,1.0,1.099,True,1
aut_34416.hoa,?,?,-,,,,,0.579,NOT_LTL,
aut_34418.hoa,?,?,acc,1,0,1,1.0,1.109,True,1
aut_34419.hoa,?,?,buchi,132,31,819,6.2,1.118,True,((a | (F((a & Xa) | (!a & X(!a & XFa))) & (X!a | (((!a | X!a) U (!a & X(!a U (a …
aut_34420.hoa,?,?,daisy2,1,0,1,1.0,0.065,True,1
aut_34423.hoa,?,?,acc,1,0,1,1.0,1.130,True,1
aut_34424.hoa,?,?,daisy2,1,0,1,1.0,0.065,True,1
aut_34428.hoa,?,?,buchi,132,31,819,6.2,1.129,True,((a | (F((a & Xa) | (!a & X(!a & XFa))) & (X!a | (((!a | X!a) U (!a & X(!a U (a …
aut_34432.hoa,?,?,-,,,,,0.581,NOT_LTL,
aut_34434.hoa,?,?,buchi,301,57,741565,2463.7,1.148,UNVERIFIED_SIZE,<unflattened DAG: 741565 tree nodes>
aut_34435.hoa,?,?,-,,,,,0.585,NOT_LTL,
aut_34436.hoa,?,?,-,,,,,0.583,NOT_LTL,
aut_34439.hoa,?,?,acc,1,0,1,1.0,1.112,True,1
aut_34496.hoa,?,?,-,,,,,0.595,NOT_LTL,
aut_34499.hoa,?,?,buchi,81,9,442,5.5,1.164,True,(!a | X(a | XXF!a)) & (a | X(a | X(a | XXF!a))) & ((a & X!a) | (!a & X(!a & X!a)…
aut_34500.hoa,?,?,daisy2,6,3,7,1.2,0.066,True,G(F!a & Fa)
aut_34503.hoa,?,?,buchi,1280,222,6234046,4870.3,1.298,UNVERIFIED_SIZE,<unflattened DAG: 6234046 tree nodes>
aut_34504.hoa,?,?,-,,,,,0.582,NOT_LTL,
aut_34508.hoa,?,?,buchi,207,38,55842,269.8,1.139,True,((a & X!a) | (((a | Xa) U (a & X(a & (X!a | (F(a & X(a & X!a)) & X(a & XF!a)))))…
aut_34576.hoa,?,?,daisy2,1,0,1,1.0,0.065,True,1
aut_34578.hoa,?,?,acc,1,0,1,1.0,1.107,True,1
aut_34579.hoa,?,?,acc,1,0,1,1.0,1.106,True,1
aut_34580.hoa,?,?,daisy2,1,0,1,1.0,0.065,True,1
aut_34582.hoa,?,?,acc,1,0,1,1.0,1.104,True,1
aut_34584.hoa,?,?,daisy2,1,0,1,1.0,0.061,True,1
aut_34588.hoa,?,?,daisy2,1,0,1,1.0,0.062,True,1
aut_34592.hoa,?,?,daisy2,4,1,5,1.2,0.065,True,G(a | Xa)
aut_34594.hoa,?,?,buchi,32,8,88,2.8,1.119,True,((!a R (a | Xa)) & (Ga | ((!a & X!a) R (!a | X(!a | X(!a R (a | Xa)))))) & ((!a …
aut_34595.hoa,?,?,acc,1,0,1,1.0,1.100,True,1
aut_34596.hoa,?,?,daisy2,3,2,3,1.0,0.066,True,GFa
aut_34598.hoa,?,?,buchi,8,3,16,2.0,1.111,True,(!a R Fa) & G(!a | X(!a R Fa))
aut_34600.hoa,?,?,daisy2,4,1,5,1.2,0.066,True,G(a | Xa)
aut_34604.hoa,?,?,daisy2,3,2,3,1.0,0.066,True,GFa
aut_34608.hoa,?,?,-,,,,,0.585,NOT_LTL,
aut_34610.hoa,?,?,acc,1,0,1,1.0,1.098,True,1
aut_34611.hoa,?,?,buchi,105,17,1371,13.1,1.133,True,X(a | X(!a | X(!a | X!a | (X(a & XF!a) & ((!a | Xa) U (a & X(a & X!a))))))) & ((…
aut_34614.hoa,?,?,acc,1,0,1,1.0,1.146,True,1
aut_34620.hoa,?,?,buchi,105,17,1371,13.1,1.145,True,X(a | X(!a | X(!a | X!a | (X(a & XF!a) & ((!a | Xa) U (a & X(a & X!a))))))) & ((…
aut_34624.hoa,?,?,daisy2,4,2,4,1.0,0.066,True,GF!a
aut_34626.hoa,?,?,acc,1,0,1,1.0,1.107,True,1
aut_34628.hoa,?,?,daisy2,4,2,4,1.0,0.063,True,GF!a
aut_34630.hoa,?,?,acc,1,0,1,1.0,1.103,True,1
aut_34632.hoa,?,?,daisy2,4,2,4,1.0,0.064,True,GF!a
aut_34636.hoa,?,?,daisy2,4,2,4,1.0,0.062,True,GF!a
aut_34656.hoa,?,?,daisy2,1,0,1,1.0,0.066,True,1
aut_34658.hoa,?,?,acc,1,0,1,1.0,1.102,True,1
aut_34659.hoa,?,?,acc,1,0,1,1.0,1.111,True,1
aut_34660.hoa,?,?,daisy2,1,0,1,1.0,0.064,True,1
aut_34662.hoa,?,?,acc,1,0,1,1.0,1.112,True,1
aut_34664.hoa,?,?,daisy2,1,0,1,1.0,0.065,True,1
aut_34668.hoa,?,?,daisy2,1,0,1,1.0,0.063,True,1
aut_34674.hoa,?,?,acc,1,0,1,1.0,1.112,True,1
aut_34678.hoa,?,?,acc,1,0,1,1.0,1.106,True,1
aut_34690.hoa,?,?,buchi,32,8,88,2.8,1.115,True,((!a R (a | Xa)) & (Ga | ((!a & X!a) R (!a | X(!a | X(!a R (a | Xa)))))) & ((!a …
aut_34694.hoa,?,?,buchi,8,3,16,2.0,1.111,True,(!a R Fa) & G(!a | X(!a R Fa))
aut_34752.hoa,?,?,-,,,,,0.587,NOT_LTL,
aut_34754.hoa,?,?,acc,1,0,1,1.0,1.103,True,1
aut_34755.hoa,?,?,-,,,,,0.585,NOT_LTL,
aut_34756.hoa,?,?,daisy2,4,2,4,1.0,0.066,True,GF!a
aut_34758.hoa,?,?,acc,1,0,1,1.0,1.103,True,1
aut_34760.hoa,?,?,daisy2,4,2,4,1.0,0.064,True,GF!a
aut_34764.hoa,?,?,-,,,,,0.581,NOT_LTL,
aut_34844.hoa,?,?,buchi,13,3,23,1.8,1.110,True,a & XX(XG(!a | XXFa) & (a M (!a | XXFa)))
aut_34860.hoa,?,?,buchi,4537,771,665375721868492,146655437925.6,1.379,UNVERIFIED_SIZE,<unflattened DAG: 665375721868492 tree nodes>
aut_34876.hoa,?,?,buchi,185,37,564705,3052.5,1.133,UNVERIFIED_SIZE,<unflattened DAG: 564705 tree nodes>
aut_34883.hoa,?,?,-,,,,,0.585,NOT_LTL,
aut_34912.hoa,?,?,-,,,,,0.584,NOT_LTL,
aut_34915.hoa,?,?,buchi,642,126,18232761,28399.9,1.236,UNVERIFIED_SIZE,<unflattened DAG: 18232761 tree nodes>
aut_34924.hoa,?,?,-,,,,,0.581,NOT_LTL,
aut_34947.hoa,?,?,buchi,660,127,6038633,9149.4,1.170,UNVERIFIED_SIZE,<unflattened DAG: 6038633 tree nodes>
aut_35011.hoa,?,?,-,,,,,0.584,NOT_LTL,
aut_35864.hoa,?,?,daisy2,4,2,4,1.0,0.067,True,GF!a
aut_35880.hoa,?,?,daisy2,8,2,12,1.5,0.066,True,G(F(!a & Xa) & (a | Xa))
aut_35896.hoa,?,?,daisy2,4,2,4,1.0,0.064,True,GF!a
aut_35900.hoa,?,?,buchi,37852,6573,6489218188825023032910004976529,171436600148605687954407424.0,2.545,UNVERIFIED_SIZE,<unflattened DAG: 6489218188825023032910004976529 tree nodes>
aut_35906.hoa,?,?,-,,,,,0.584,NOT_LTL,
aut_35936.hoa,?,?,-,,,,,0.579,NOT_LTL,
aut_35938.hoa,?,?,-,,,,,0.580,NOT_LTL,
aut_35944.hoa,?,?,-,,,,,0.584,NOT_LTL,
aut_35952.hoa,?,?,daisy2,6,2,8,1.3,0.064,True,GF(!a & X!a)
aut_35954.hoa,?,?,-,,,,,0.583,NOT_LTL,
aut_35960.hoa,?,?,daisy2,4,2,4,1.0,0.064,True,GF!a
aut_35970.hoa,?,?,buchi,2742,459,72751766372423,26532372856.5,1.291,UNVERIFIED_SIZE,<unflattened DAG: 72751766372423 tree nodes>
aut_35984.hoa,?,?,daisy2,4,2,4,1.0,0.065,True,GF!a
aut_36034.hoa,?,?,-,,,,,0.583,NOT_LTL,
aut_36035.hoa,?,?,buchi,1583,281,32012061523478,20222401467.8,1.188,UNVERIFIED_SIZE,<unflattened DAG: 32012061523478 tree nodes>
