a,b,inc_ab,inc_ba,mono_ok,ms
3state1ap0acc_070150_c.sos,3state1ap1acc_17325470882.sos,0,0,1,0
3state1ap0acc_006428_c.sos,2state1ap2acc_parity_0495881612.sos,0,0,1,7
3state2ap1acc_parity_3585895366144295765516.sos,3state2ap2acc_parity_00840054722568851215010967259252962838584005_c.sos,0,0,1,4
3state1ap0acc_096392_c.sos,3state1ap0acc_005386_c.sos,0,0,1,1
3state1ap0acc_028804_c.sos,2state1ap1acc_06284.sos,0,0,1,0
3state1ap0acc_025248.sos,3state1ap0acc_073928.sos,0,0,1,1
3state1ap0acc_078508.sos,3state1ap0acc_025642_c.sos,0,0,1,1
3state1ap0acc_080036_c.sos,3state1ap0acc_111010_c.sos,0,0,1,0
3state1ap0acc_071942_c.sos,3state1ap2acc_parity_1730104813266762304422_c.sos,0,0,1,8
3state1ap1acc_parity_06258090722_c.sos,3state1ap0acc_013322_c.sos,0,0,1,1
2state1ap1acc_04358.sos,2state1ap1acc_05250.sos,0,0,1,0
1state3ap0acc_023_c.sos,1state3ap1acc_07808.sos,0,1,1,0
4state1ap1acc_parity_11962343464604113698.sos,3state1ap0acc_025112.sos,0,0,1,1
3state1ap0acc_029996_c.sos,3state1ap0acc_005673.sos,0,0,1,2
3state1ap2acc_parity_0682827486289373906434.sos,3state1ap0acc_029006_c.sos,0,0,1,1
3state1ap0acc_015432.sos,3state1ap0acc_005800_c.sos,0,0,1,5
3state1ap0acc_091212.sos,3state1ap0acc_025893_c.sos,0,0,1,14
3state1ap1acc_parity_52965716128_c.sos,2state1ap1acc_03168.sos,0,0,1,1
3state1ap1acc_09215799313.sos,3state1ap1acc_parity_34509952050.sos,0,1,1,0
3state1ap0acc_004708_c.sos,3state1ap0acc_074756.sos,0,1,1,2
2state1ap2acc_parity_0572212224.sos,3state1ap0acc_090190_c.sos,0,0,1,0
3state1ap1acc_parity_00537939912_c.sos,3state1ap0acc_080036_c.sos,0,1,1,1
3state2ap1acc_parity_0564429542916576318587.sos,3state2ap2acc_parity_04277202275612249468214677860065156699754614_c.sos,0,1,1,8
3state1ap0acc_012554.sos,3state1ap0acc_007430.sos,0,0,1,4
3state2ap2acc_parity_04219385994207169995401129960131705539756856.sos,2state2ap2acc_parity_15919108094868908105_c.sos,0,0,1,1
3state1ap0acc_027161.sos,3state1ap0acc_006198_c.sos,0,0,1,1
3state1ap0acc_024940.sos,3state1ap0acc_076301.sos,0,0,1,4
3state1ap0acc_021208.sos,3state1ap0acc_031238_c.sos,0,0,1,4
2state1ap2acc_parity_0075547220_c.sos,3state1ap0acc_025312_c.sos,0,0,1,7
2state2ap2acc_parity_00113859048058933820.sos,2state2ap2acc_parity_02479144338996496752.sos,0,0,1,1
2state2ap2acc_parity_15919108094868908105_c.sos,2state2ap2acc_parity_14256415268443652305.sos,0,0,1,1
1state2ap2acc_24960_c.sos,3state2ap2acc_parity_00442143975446621002174926794741649083380452_c.sos,0,0,1,1
3state1ap0acc_012620.sos,3state1ap0acc_078925_c.sos,0,0,1,1
3state1ap0acc_075796.sos,3state1ap0acc_004428.sos,0,0,1,1
3state1ap0acc_029252_c.sos,3state1ap0acc_005766_c.sos,0,0,1,6
3state1ap0acc_091816.sos,3state1ap0acc_005162_c.sos,1,0,1,4
2state3ap1acc_parity_04421191306838898176.sos,1state3ap1acc_01960_c.sos,0,0,1,1
3state1ap0acc_029732.sos,3state1ap0acc_015364_c.sos,0,0,1,12
3state1ap0acc_025890_c.sos,3state1ap1acc_parity_20955287557_c.sos,0,0,1,1
3state1ap0acc_076040.sos,3state1ap0acc_031236.sos,0,0,1,1
3state1ap0acc_024658_c.sos,3state1ap0acc_093192.sos,0,0,1,3
2state2ap2acc_parity_00732443274184804514_c.sos,3state2ap2acc_parity_05132556223071672711510498969415822281216562.sos,0,0,1,2
3state1ap0acc_025169.sos,3state1ap2acc_parity_2601009273641902998539.sos,0,0,1,3
3state1ap0acc_027165_c.sos,3state1ap1acc_22079178886_c.sos,0,0,1,0
3state1ap0acc_070212.sos,3state1ap0acc_031880.sos,1,0,1,5
3state1ap2acc_parity_1266701870302111145966.sos,3state1ap0acc_029269_c.sos,0,0,1,2
3state1ap0acc_028742_c.sos,3state1ap1acc_00501801994_c.sos,0,1,1,1
3state1ap0acc_024940.sos,3state1ap0acc_015624.sos,0,0,1,2
3state1ap0acc_030726_c.sos,3state1ap0acc_030733.sos,0,0,1,2
3state1ap0acc_025882_c.sos,3state1ap0acc_073804_c.sos,0,0,1,2
3state1ap0acc_112780.sos,3state1ap0acc_005788.sos,0,0,1,3
3state1ap0acc_031248_c.sos,3state1ap0acc_071686_c.sos,0,0,1,3
3state1ap1acc_19869226918_c.sos,2state1ap2acc_parity_0089473569.sos,0,0,1,0
1state3ap1acc_05641_c.sos,1state3ap1acc_00258_c.sos,0,0,1,0
2state1ap2acc_parity_0047726660.sos,3state1ap1acc_21883242760.sos,0,0,1,1
3state1ap0acc_025708.sos,2state1ap1acc_01168.sos,0,0,1,1
3state1ap0acc_006328_c.sos,3state1ap0acc_006798_c.sos,0,0,1,3
3state1ap0acc_106754.sos,3state1ap0acc_074388.sos,0,0,1,1
3state1ap0acc_015365_c.sos,3state1ap0acc_007470.sos,0,0,1,3
3state1ap0acc_004388.sos,3state1ap0acc_004236.sos,0,0,1,0
3state1ap0acc_029996.sos,3state1ap2acc_parity_3145393506624289147654_c.sos,0,0,1,6
3state1ap0acc_075918_c.sos,3state1ap0acc_007180.sos,0,0,1,5
3state1ap0acc_025714_c.sos,3state1ap0acc_078921_c.sos,0,0,1,6
3state1ap0acc_029028.sos,3state1ap0acc_026676_c.sos,0,0,1,6
2state1ap1acc_04644.sos,3state1ap0acc_012652.sos,0,0,1,1
3state1ap0acc_014020_c.sos,3state1ap0acc_025108.sos,0,0,1,1
3state1ap0acc_006470_c.sos,2state1ap2acc_parity_0276924416.sos,0,0,1,4
3state1ap1acc_parity_03910008865.sos,3state1ap0acc_080900.sos,0,1,1,6
2state2ap2acc_parity_05207513304957954670_c.sos,3state2ap2acc_parity_14044836076298335719866324967612886856616264.sos,0,0,1,3
3state1ap1acc_01254180341.sos,4state1ap2acc_parity_270921812262875896499015089708261505953_c.sos,0,1,1,2
3state1ap0acc_005700_c.sos,2state1ap1acc_01664.sos,0,0,1,1
2state1ap2acc_parity_1413805336_c.sos,2state1ap1acc_16912.sos,0,0,1,1
3state1ap0acc_025644.sos,3state1ap0acc_079364.sos,0,0,1,8
4state2ap1acc_parity_226360842441744012894097993579577679937.sos,3state2ap1acc_parity_1497532315346630493938_c.sos,0,1,1,0
1state3ap1acc_01912_c.sos,2state3ap1acc_parity_09266768433277719681.sos,0,0,1,1
3state2ap1acc_parity_3726311602123253147302_c.sos,2state2ap2acc_parity_05928472454425936171_c.sos,1,0,1,1
3state2ap2acc_parity_19699037403887099928121848904437987237110396.sos,1state2ap2acc_parity_00258_c.sos,0,0,1,15
3state1ap0acc_077128.sos,3state1ap0acc_070328.sos,0,0,1,2
3state1ap0acc_076042.sos,3state1ap0acc_074765.sos,0,0,1,10
2state1ap2acc_parity_0005137920.sos,3state1ap0acc_086232.sos,0,0,1,3
2state1ap2acc_parity_0713198154_c.sos,4state1ap1acc_parity_09854021141836157010.sos,0,0,1,2
3state1ap1acc_25502699548.sos,2state1ap2acc_parity_0000361634_c.sos,0,0,1,1
2state1ap2acc_parity_0018098464.sos,3state1ap1acc_19407377872_c.sos,0,0,1,1
3state1ap0acc_012636.sos,3state1ap1acc_parity_34597062272_c.sos,0,0,1,2
3state1ap0acc_090214.sos,3state1ap0acc_004229_c.sos,0,0,1,2
3state1ap0acc_069832_c.sos,3state1ap0acc_006413.sos,0,0,1,3
2state1ap1acc_00262_c.sos,3state1ap0acc_069772.sos,0,0,1,0
3state1ap0acc_071896_c.sos,3state1ap1acc_01468642308_c.sos,0,0,1,2
4state1ap1acc_parity_04634481197156671203.sos,3state1ap1acc_parity_05519769640_c.sos,0,0,1,0
3state1ap0acc_004440_c.sos,3state1ap1acc_04753014874.sos,0,0,1,1
1state2ap2acc_parity_04612.sos,2state2ap2acc_parity_14722989569212043335.sos,0,0,1,1
3state1ap0acc_015688.sos,2state1ap2acc_parity_0144393216.sos,0,0,1,1
3state1ap0acc_070292.sos,3state1ap0acc_076872_c.sos,0,0,1,7
3state1ap0acc_071946.sos,3state1ap0acc_005126.sos,0,0,1,1
2state2ap2acc_parity_00068208140348573865.sos,4state2ap1acc_parity_087860931723403189306831271074627807980_c.sos,0,0,1,2
3state1ap0acc_007820_c.sos,3state1ap0acc_029268.sos,0,0,1,3
1state2ap2acc_00390.sos,2state2ap2acc_parity_11563909197478391015_c.sos,0,1,1,1
3state1ap1acc_parity_03910008865.sos,3state1ap0acc_007316_c.sos,0,0,1,1
2state1ap2acc_parity_2823242831.sos,3state1ap0acc_005252.sos,0,0,1,1
3state1ap1acc_00285508256.sos,3state1ap0acc_069804_c.sos,1,0,1,3
3state1ap0acc_013845_c.sos,3state1ap0acc_025194_c.sos,0,0,1,5
3state1ap0acc_006692.sos,3state1ap0acc_077064.sos,0,0,1,4
3state1ap1acc_09215799313_c.sos,3state1ap0acc_023089.sos,0,0,1,1
1state3ap1acc_06564.sos,2state3ap1acc_parity_12867581998520328908.sos,1,0,1,1
3state2ap2acc_parity_01780485004139890192805854219217070000489011.sos,3state2ap2acc_parity_05793068689544573584672873764112183559167166.sos,0,0,1,6
2state1ap2acc_parity_0009035840_c.sos,3state1ap0acc_080390_c.sos,0,0,1,2
2state1ap2acc_parity_0069045002.sos,2state1ap2acc_parity_1094757452.sos,0,0,1,0
3state1ap0acc_004362_c.sos,3state1ap1acc_parity_23539146765.sos,0,0,1,0
1state3ap1acc_01888.sos,1state3ap1acc_05768.sos,0,0,1,0
3state1ap0acc_073806.sos,3state1ap0acc_029316.sos,0,0,1,1
3state1ap0acc_021542.sos,3state1ap0acc_013845.sos,0,0,1,3
2state1ap2acc_parity_0354844676.sos,3state1ap0acc_007560_c.sos,0,0,1,1
3state1ap1acc_21642354752_c.sos,3state1ap2acc_parity_1579816884277793915663.sos,0,0,1,1
2state2ap2acc_parity_01225336004786434058.sos,3state2ap2acc_parity_11190351354279059864721980398746176284665904_c.sos,0,0,1,4
1state3ap1acc_00494.sos,1state3ap1acc_06432.sos,0,0,1,0
3state1ap0acc_024856_c.sos,2state1ap2acc_parity_0021782912_c.sos,0,0,1,1
3state1ap1acc_21510284353.sos,3state1ap0acc_096328_c.sos,0,0,1,1
3state1ap1acc_05010262532.sos,2state1ap2acc_parity_0710149141_c.sos,0,0,1,2
2state1ap2acc_parity_0357582722.sos,3state1ap0acc_074092_c.sos,0,0,1,2
2state1ap2acc_parity_0025879815.sos,3state1ap0acc_070228_c.sos,0,0,1,3
1state3ap1acc_01928_c.sos,2state3ap1acc_parity_05233657394845251944.sos,0,0,1,1
3state1ap2acc_parity_3791357401319149553198.sos,3state1ap0acc_006692_c.sos,0,0,1,2
3state1ap1acc_46339064451.sos,3state1ap0acc_007814_c.sos,0,0,1,1
2state2ap2acc_parity_00277767463259824491_c.sos,3state2ap1acc_parity_4591665144307965762064_c.sos,0,0,1,1
2state1ap2acc_parity_0274311170.sos,3state1ap0acc_096270.sos,0,0,1,2
3state1ap1acc_04628787206_c.sos,3state1ap0acc_007820.sos,0,0,1,1
3state1ap0acc_074084_c.sos,3state1ap0acc_076425.sos,0,0,1,5
2state1ap2acc_parity_0089473569.sos,3state1ap0acc_024930.sos,0,0,1,1
3state1ap1acc_04030993243.sos,3state1ap1acc_43564713281.sos,0,0,1,0
3state1ap0acc_004748.sos,3state1ap0acc_006174.sos,0,0,1,1
3state1ap0acc_004260.sos,2state1ap2acc_parity_0361080842.sos,0,0,1,1
3state1ap0acc_004388.sos,3state1ap0acc_077988.sos,1,0,1,1
3state1ap0acc_004233.sos,3state1ap0acc_090214_c.sos,0,0,1,3
3state1ap0acc_025261.sos,3state1ap1acc_parity_22766815320_c.sos,0,1,1,0
3state1ap1acc_00067379882.sos,4state1ap1acc_parity_12643858153061091635_c.sos,0,0,1,1
1state3ap1acc_06145_c.sos,2state3ap1acc_parity_04430367431306194391.sos,0,0,1,0
3state1ap0acc_079880.sos,3state1ap0acc_026769.sos,0,0,1,1
2state1ap2acc_parity_0148915715_c.sos,3state1ap0acc_005300.sos,0,0,1,4
2state1ap1acc_17602.sos,2state1ap1acc_06208_c.sos,0,0,1,0
3state1ap0acc_096268_c.sos,3state1ap1acc_parity_52882319568.sos,0,0,1,1
3state1ap0acc_080396_c.sos,3state1ap0acc_072838_c.sos,0,0,1,6
3state1ap0acc_025689_c.sos,3state1ap0acc_024696.sos,0,0,1,1
3state1ap0acc_024752.sos,2state1ap2acc_parity_0007767584_c.sos,0,0,1,1
3state1ap1acc_parity_24847343626.sos,3state1ap0acc_013322.sos,0,0,1,1
2state1ap2acc_parity_0285507874_c.sos,3state1ap0acc_006406_c.sos,0,0,1,1
3state1ap0acc_093704.sos,3state1ap0acc_074260.sos,0,0,1,1
2state3ap1acc_parity_12867581998520328908_c.sos,2state3ap1acc_parity_00824856189703608590_c.sos,0,0,1,2
3state1ap0acc_006476.sos,3state1ap0acc_004664.sos,0,0,1,1
1state3ap1acc_01832.sos,1state3ap1acc_06241.sos,0,0,1,0
3state1ap0acc_006292.sos,3state1ap0acc_021041_c.sos,0,0,1,1
3state1ap1acc_01477526538_c.sos,3state1ap0acc_007308_c.sos,0,0,1,3
3state1ap0acc_090708_c.sos,3state1ap0acc_025652_c.sos,0,0,1,4
3state1ap0acc_075848.sos,3state1ap0acc_070300.sos,0,0,1,2
3state1ap2acc_parity_1249788731905911826437_c.sos,3state1ap0acc_005769_c.sos,0,0,1,2
4state1ap1acc_parity_05787455694434394176_c.sos,3state1ap0acc_012586.sos,0,0,1,1
3state1ap0acc_013420_c.sos,3state1ap0acc_004740_c.sos,0,0,1,2
3state1ap0acc_097416.sos,3state1ap1acc_17316852264.sos,0,0,1,3
3state1ap0acc_006284_c.sos,3state1ap0acc_013641.sos,0,0,1,2
3state1ap0acc_030862_c.sos,3state1ap0acc_074022_c.sos,0,0,1,3
3state1ap0acc_006280.sos,3state1ap0acc_005668_c.sos,1,0,1,8
3state1ap1acc_00144094378.sos,3state1ap0acc_006204_c.sos,0,0,1,1
2state1ap2acc_parity_0021669632.sos,3state1ap0acc_006796.sos,0,0,1,1
1state3ap1acc_00386.sos,2state3ap1acc_parity_16226721944127097714_c.sos,0,0,1,1
2state1ap1acc_03168.sos,3state1ap0acc_074852.sos,0,0,1,5
3state1ap0acc_007560.sos,3state1ap0acc_090689.sos,0,0,1,0
3state1ap0acc_028960_c.sos,3state1ap0acc_026641_c.sos,0,0,1,1
2state1ap2acc_parity_0152260743.sos,3state1ap0acc_029204_c.sos,0,0,1,1
2state1ap2acc_parity_0027829076.sos,3state1ap0acc_029352_c.sos,0,0,1,1
3state1ap0acc_004644_c.sos,3state1ap0acc_092296_c.sos,0,0,1,2
2state1ap2acc_parity_1297172901_c.sos,3state1ap1acc_02383774432.sos,0,0,1,1
3state1ap0acc_012580_c.sos,2state1ap2acc_parity_0270436363.sos,0,0,1,1
3state2ap2acc_parity_13939502589461611420085347157425136244122969.sos,2state2ap2acc_parity_10145772993640302040.sos,0,0,1,1
3state1ap1acc_54870413440.sos,3state1ap0acc_005292.sos,0,0,1,1
3state1ap0acc_030920.sos,3state1ap1acc_parity_22766815320.sos,0,0,1,4
3state1ap0acc_092426_c.sos,3state1ap0acc_013318_c.sos,0,0,1,8
3state1ap0acc_004628_c.sos,3state1ap0acc_012360_c.sos,0,0,1,0
3state1ap0acc_030376_c.sos,3state1ap0acc_004228.sos,0,0,1,1
3state1ap0acc_079893_c.sos,3state1ap1acc_20552143008.sos,0,0,1,1
3state1ap0acc_006413_c.sos,3state1ap0acc_092302_c.sos,0,0,1,9
3state1ap0acc_078024_c.sos,4state1ap1acc_parity_04902587422865489929.sos,0,0,1,1
3state1ap1acc_00144094378.sos,3state1ap0acc_025229_c.sos,0,0,1,0
1state3ap1acc_05633.sos,2state3ap1acc_parity_03447036173883588338_c.sos,0,0,1,0
3state1ap1acc_17926488192_c.sos,3state1ap0acc_030724_c.sos,0,0,1,3
2state1ap1acc_00296_c.sos,3state1ap0acc_024722.sos,0,0,1,1
3state1ap0acc_004440_c.sos,3state1ap0acc_006456_c.sos,0,0,1,2
1state2ap2acc_04736.sos,3state2ap2acc_parity_19292204062434739838585513977313286700953855_c.sos,0,0,1,1
3state1ap0acc_070228_c.sos,2state1ap1acc_01666_c.sos,0,0,1,3
3state1ap0acc_078440_c.sos,3state1ap0acc_020874.sos,0,0,1,1
3state1ap0acc_071966_c.sos,2state1ap2acc_parity_0710149141_c.sos,0,0,1,1
3state1ap0acc_006476.sos,3state1ap1acc_05194670158.sos,1,0,1,3
3state1ap0acc_024738_c.sos,3state1ap0acc_069828.sos,0,0,1,1
3state1ap0acc_004488.sos,3state1ap0acc_074060.sos,0,0,1,1
3state1ap0acc_006149.sos,3state1ap0acc_028748_c.sos,1,0,1,1
3state1ap0acc_004620.sos,3state1ap0acc_030024_c.sos,0,0,1,1
3state1ap0acc_029201_c.sos,3state1ap1acc_51627529236.sos,0,0,1,1
3state1ap2acc_parity_0047419954103847689795.sos,3state1ap0acc_078218_c.sos,0,0,1,2
3state1ap0acc_006168_c.sos,3state1ap0acc_012682.sos,0,0,1,1
3state2ap2acc_parity_01484191026333966086520484186330087030276618.sos,2state2ap2acc_parity_05983266170514214042.sos,0,0,1,3
3state1ap0acc_013704_c.sos,3state1ap0acc_069764_c.sos,0,0,1,3
4state1ap2acc_parity_031969154920980509553928165694307535558.sos,3state1ap0acc_075789_c.sos,0,0,1,2
2state1ap2acc_parity_0001191050_c.sos,3state1ap1acc_parity_37586212922_c.sos,0,0,1,1
3state1ap0acc_091244.sos,3state1ap0acc_029704_c.sos,0,0,1,3
3state1ap0acc_004236.sos,3state1ap0acc_029704_c.sos,0,0,1,1
3state1ap0acc_012652.sos,3state1ap0acc_012360.sos,0,0,1,1
3state1ap1acc_17356070952_c.sos,3state1ap0acc_031384.sos,0,0,1,2
3state1ap0acc_004280_c.sos,3state1ap0acc_078886.sos,0,0,1,1
3state1ap0acc_072206_c.sos,2state1ap2acc_parity_0069904465.sos,0,0,1,2
3state1ap1acc_parity_01686113800_c.sos,3state1ap0acc_073880.sos,0,0,1,1
3state2ap2acc_parity_09296554052228648040781604795043204790842419_c.sos,2state2ap2acc_parity_14700613900789262013.sos,0,0,1,2
2state1ap2acc_parity_2751987743.sos,3state1ap0acc_006408_c.sos,0,0,1,1
3state1ap0acc_005638_c.sos,3state1ap2acc_parity_1282704417945169446419_c.sos,0,0,1,5
3state1ap0acc_029004.sos,3state1ap0acc_077990_c.sos,0,0,1,1
3state1ap0acc_079944_c.sos,3state1ap0acc_075080_c.sos,0,0,1,6
3state1ap0acc_024660.sos,3state1ap0acc_029736_c.sos,0,0,1,1
3state1ap0acc_030862_c.sos,3state1ap0acc_080526_c.sos,0,0,1,2
3state1ap0acc_029976_c.sos,2state1ap2acc_parity_0088596480.sos,0,0,1,7
3state1ap0acc_074452_c.sos,2state1ap2acc_parity_0152260743.sos,0,0,1,1
3state1ap0acc_086172.sos,3state1ap1acc_parity_24805433345.sos,0,0,1,2
4state1ap1acc_parity_00959619355715588320.sos,4state1ap2acc_parity_190140269992114720798438091468705858346.sos,0,0,1,4
4state1ap1acc_parity_11962343464604113698.sos,3state1ap0acc_092234_c.sos,0,0,1,1
3state1ap0acc_025640_c.sos,3state1ap1acc_17926488192.sos,0,0,1,2
4state1ap2acc_parity_000632489122214258973456250121784938822.sos,3state1ap1acc_17926488192.sos,0,0,1,3
3state1ap2acc_parity_1185525822757898551385.sos,3state1ap0acc_112646.sos,0,0,1,2
3state1ap0acc_024737_c.sos,3state1ap0acc_004276_c.sos,0,0,1,2
3state1ap0acc_025297.sos,2state1ap2acc_parity_0717635593.sos,0,0,1,2
2state2ap2acc_parity_05522610772710766970_c.sos,2state2ap2acc_parity_00363974003872426214_c.sos,0,0,1,4
3state1ap0acc_073816.sos,3state1ap0acc_030213_c.sos,0,0,1,5
3state1ap1acc_parity_20887920650_c.sos,2state1ap2acc_parity_0495881612_c.sos,0,0,1,1
3state1ap0acc_007208.sos,3state1ap0acc_006308_c.sos,0,0,1,3
3state1ap0acc_090640.sos,3state1ap0acc_069704_c.sos,0,0,1,1
4state1ap1acc_parity_01008953694785029152.sos,3state1ap0acc_004764_c.sos,0,0,1,2
3state2ap1acc_parity_2713309319340938553278.sos,3state2ap2acc_parity_11157535807319221292164763959929888654998235_c.sos,0,0,1,3
2state1ap1acc_06536.sos,3state1ap0acc_074412_c.sos,0,0,1,4
3state1ap1acc_08072646820.sos,3state1ap0acc_006488_c.sos,0,0,1,2
3state1ap0acc_004490_c.sos,3state1ap0acc_007432_c.sos,0,0,1,3
3state1ap0acc_030792_c.sos,3state1ap0acc_005166_c.sos,0,0,1,6
3state1ap0acc_012644_c.sos,3state1ap0acc_071710_c.sos,0,0,1,3
3state1ap1acc_05696129584_c.sos,3state1ap0acc_078116_c.sos,0,0,1,1
3state1ap0acc_096456_c.sos,3state1ap1acc_19879280012.sos,0,0,1,1
3state1ap0acc_030884_c.sos,3state1ap0acc_020898_c.sos,0,0,1,2
3state2ap1acc_parity_0231816952983769674400.sos,2state2ap2acc_parity_00479293490505068693.sos,0,1,1,4
3state1ap0acc_070228.sos,3state1ap1acc_34564680784.sos,0,0,1,2
3state1ap0acc_005276.sos,3state1ap0acc_007430.sos,0,0,1,13
3state1ap1acc_parity_10805384360_c.sos,3state1ap1acc_00139684176.sos,0,0,1,0
2state1ap2acc_parity_0495881612_c.sos,3state1ap0acc_070150_c.sos,0,0,1,1
3state1ap0acc_030884_c.sos,3state1ap0acc_007836_c.sos,0,0,1,2
2state1ap2acc_parity_0022973824_c.sos,3state1ap0acc_029200_c.sos,0,0,1,1
3state1ap0acc_070276_c.sos,3state1ap0acc_113158.sos,0,0,1,1
3state1ap0acc_025276.sos,3state1ap0acc_029264.sos,0,0,1,11
3state1ap0acc_090848_c.sos,3state1ap0acc_030024.sos,0,0,1,2
1state1ap2acc_parity_018.sos,2state1ap2acc_parity_0684213249_c.sos,0,0,1,1
3state1ap0acc_080004.sos,3state1ap0acc_025689.sos,0,0,1,2
3state1ap0acc_012569.sos,3state1ap0acc_030729.sos,0,0,1,3
3state1ap0acc_013864_c.sos,3state1ap0acc_092744.sos,0,0,1,9
2state2ap2acc_parity_00220219459351786051.sos,3state2ap2acc_parity_19516757357520746422787712233284899416089224.sos,0,0,1,4
3state1ap0acc_024656.sos,3state1ap0acc_005262_c.sos,0,0,1,5
3state1ap0acc_007208.sos,3state1ap0acc_074852_c.sos,0,0,1,7
2state2ap2acc_parity_04753342132758548680.sos,3state2ap2acc_parity_00080359837673130214296192818459805122347394_c.sos,0,0,1,10
2state2ap2acc_parity_16593697657777363039_c.sos,2state2ap2acc_parity_10564153341646375701.sos,0,0,1,2
3state1ap0acc_025688_c.sos,3state1ap0acc_074278_c.sos,0,0,1,10
2state2ap2acc_parity_04727523500524286007_c.sos,2state2ap2acc_parity_13848135222201485089.sos,0,0,1,2
1state2ap1acc_018_c.sos,4state2ap1acc_parity_226360842441744012894097993579577679937_c.sos,0,1,1,0
3state1ap0acc_070798_c.sos,3state1ap0acc_025168_c.sos,0,0,1,5
3state1ap0acc_013668_c.sos,3state1ap1acc_19879280012.sos,0,0,1,5
3state1ap0acc_028938_c.sos,3state1ap0acc_090444.sos,0,0,1,1
3state1ap0acc_075285.sos,4state1ap1acc_parity_06485753147884315208.sos,0,0,1,3
3state1ap0acc_074760.sos,2state1ap1acc_01732.sos,0,0,1,1
3state1ap0acc_080036.sos,3state1ap0acc_074756.sos,0,1,1,1
3state1ap0acc_074825_c.sos,3state1ap0acc_092424.sos,0,0,1,4
3state1ap0acc_092696.sos,3state1ap0acc_006820_c.sos,0,0,1,1
3state1ap0acc_091652_c.sos,2state1ap2acc_parity_0021864450.sos,0,0,1,4
3state1ap0acc_020568.sos,3state1ap1acc_parity_24713118346_c.sos,0,0,1,1
3state1ap0acc_106890.sos,3state1ap0acc_079444.sos,0,0,1,3
3state1ap1acc_24117428357.sos,3state1ap0acc_078156_c.sos,0,0,1,1
1state3ap1acc_06181.sos,1state3ap1acc_01560_c.sos,0,0,1,0
3state1ap1acc_06461882422.sos,3state1ap0acc_006476_c.sos,0,0,1,2
2state2ap2acc_parity_02663200103670698602.sos,3state2ap2acc_parity_00360908970317846202065523035211166491340988.sos,0,0,1,1
1state2ap2acc_parity_24840.sos,2state2ap2acc_parity_08428841554743566745_c.sos,0,0,1,2
2state2ap1acc_parity_4029153289.sos,3state2ap2acc_parity_12204066926600650606438805230548074793083110_c.sos,0,0,1,1
2state1ap2acc_parity_0015679492_c.sos,3state1ap0acc_020874_c.sos,0,0,1,2
3state1ap0acc_075940.sos,3state1ap0acc_025625_c.sos,0,0,1,5
3state1ap0acc_004268_c.sos,3state1ap0acc_029324_c.sos,0,0,1,1
3state1ap0acc_078420.sos,2state1ap2acc_parity_0092868865.sos,0,1,1,4
3state1ap0acc_074854.sos,3state1ap0acc_078372_c.sos,0,0,1,1
3state1ap0acc_073868.sos,3state1ap0acc_012568.sos,0,0,1,1
3state1ap0acc_029998_c.sos,3state1ap0acc_005300.sos,0,0,1,4
3state1ap1acc_44331016324.sos,3state1ap0acc_013640.sos,0,1,1,1
2state1ap2acc_parity_0015614720.sos,2state1ap2acc_parity_0022973824.sos,0,0,1,1
4state2ap1acc_parity_016989447636600366334037124246744914241_c.sos,2state2ap2acc_parity_14134640005280270741.sos,1,0,1,1
3state1ap0acc_029704_c.sos,3state1ap0acc_061766.sos,0,0,1,2
3state1ap0acc_004394.sos,3state1ap0acc_007844_c.sos,0,0,1,1
3state1ap0acc_020890.sos,3state1ap0acc_073996.sos,0,0,1,1
3state1ap0acc_024707.sos,3state1ap0acc_069780.sos,0,0,1,1
3state1ap0acc_004488.sos,3state1ap0acc_027193_c.sos,0,0,1,1
3state1ap1acc_21592814912_c.sos,3state1ap0acc_074008_c.sos,0,0,1,1
3state1ap0acc_079910.sos,3state1ap0acc_005676.sos,0,0,1,3
4state1ap1acc_parity_04902587422865489929_c.sos,3state1ap0acc_073996_c.sos,0,0,1,0
3state1ap1acc_11489888264.sos,3state1ap0acc_076074.sos,0,0,1,1
3state1ap1acc_18254146625_c.sos,3state1ap1acc_parity_03556904328.sos,0,0,1,0
3state1ap0acc_013320_c.sos,3state1ap2acc_parity_0003551095219024464900.sos,0,0,1,6
3state1ap2acc_parity_0159152145382624922635.sos,3state1ap0acc_091213_c.sos,0,0,1,1
3state1ap0acc_096264.sos,3state1ap0acc_006808_c.sos,0,0,1,1
2state1ap2acc_parity_0021669632_c.sos,3state1ap0acc_074396.sos,0,0,1,2
3state1ap1acc_22628341444.sos,4state1ap2acc_parity_061054191481830659958929156791895426700_c.sos,0,0,1,1
3state1ap0acc_071050_c.sos,3state1ap1acc_parity_24805433345_c.sos,0,0,1,2
3state1ap0acc_073880_c.sos,3state1ap2acc_parity_2379739741152092899843.sos,0,0,1,2
3state1ap0acc_025893.sos,3state1ap0acc_029992.sos,0,0,1,6
2state1ap2acc_parity_1163278594_c.sos,3state1ap0acc_092360.sos,0,0,1,3
3state1ap1acc_55983376460.sos,3state1ap0acc_079908_c.sos,0,1,1,1
3state1ap0acc_021073.sos,3state1ap0acc_012628_c.sos,0,0,1,3
3state1ap0acc_006182.sos,2state1ap2acc_parity_0361080842_c.sos,0,0,1,1
3state1ap0acc_080006.sos,3state1ap0acc_077990_c.sos,0,0,1,2
2state1ap2acc_parity_0014700292_c.sos,2state1ap2acc_parity_0243306009.sos,0,1,1,1
3state1ap0acc_024737.sos,3state1ap0acc_013352_c.sos,0,0,1,2
2state2ap1acc_parity_4030769517_c.sos,2state2ap2acc_parity_03664402249044222104_c.sos,0,0,1,1
2state1ap2acc_parity_0004538925.sos,3state1ap1acc_00215124056.sos,0,0,1,3
3state1ap1acc_45500682644_c.sos,3state1ap0acc_090693_c.sos,0,0,1,1
3state1ap0acc_078116.sos,2state1ap1acc_16899.sos,0,0,1,0
3state2ap2acc_parity_05756841253743296972551024973719654464932513.sos,3state2ap2acc_parity_14647991947862248929970103994525485378437473_c.sos,0,0,1,16
3state1ap0acc_013972_c.sos,3state1ap0acc_076293_c.sos,0,0,1,3
2state1ap2acc_parity_0495881612_c.sos,3state1ap0acc_074062_c.sos,0,0,1,1
2state1ap2acc_parity_0099450882.sos,3state1ap0acc_005673_c.sos,0,0,1,2
3state1ap0acc_006148_c.sos,3state1ap0acc_029004.sos,0,1,1,1
3state1ap0acc_022112.sos,3state1ap0acc_090689.sos,0,0,1,2
4state1ap2acc_parity_063036089187240698000600034311139232047_c.sos,3state1ap0acc_005816_c.sos,0,0,1,5
3state1ap1acc_02160206619.sos,3state1ap0acc_007348.sos,0,0,1,3
3state1ap0acc_031010.sos,3state1ap0acc_070812_c.sos,0,0,1,7
3state1ap0acc_005402_c.sos,3state1ap0acc_025701_c.sos,0,0,1,7
3state1ap0acc_013580_c.sos,3state1ap0acc_029016_c.sos,0,0,1,4
3state1ap1acc_parity_20955287557.sos,3state1ap0acc_005420_c.sos,1,0,1,1
2state1ap1acc_50306.sos,2state1ap1acc_01172.sos,0,0,1,1
3state1ap1acc_19341062696.sos,3state1ap0acc_027161.sos,0,0,1,1
3state1ap1acc_45500682644_c.sos,3state1ap0acc_024657_c.sos,1,0,1,1
3state1ap1acc_parity_35300339872.sos,3state1ap0acc_005132.sos,0,0,1,1
3state1ap0acc_004237.sos,3state1ap1acc_34972664996_c.sos,0,0,1,3
3state1ap0acc_106568.sos,3state1ap1acc_parity_24847343626_c.sos,0,0,1,0
2state1ap1acc_01170_c.sos,3state1ap0acc_024674.sos,0,1,1,1
3state1ap1acc_26315230727.sos,3state1ap0acc_076301_c.sos,0,1,1,3
1state3ap1acc_00316.sos,2state3ap1acc_parity_05167836202901859035_c.sos,0,0,1,0
3state1ap0acc_006426.sos,2state1ap2acc_parity_1082231338_c.sos,0,0,1,2
3state1ap0acc_025957.sos,3state1ap0acc_075848_c.sos,0,0,1,4
3state1ap1acc_parity_19394793126.sos,2state1ap1acc_01168.sos,0,0,1,0
3state1ap0acc_030340_c.sos,2state1ap2acc_parity_0005870344.sos,0,0,1,1
2state2ap2acc_parity_00732443274184804514_c.sos,1state2ap2acc_parity_06150_c.sos,0,0,1,0
3state1ap0acc_092680_c.sos,2state1ap2acc_parity_0440717097_c.sos,0,0,1,0
2state1ap2acc_parity_0088836118.sos,3state1ap0acc_004772.sos,0,0,1,1
3state1ap0acc_029189.sos,3state1ap0acc_075084_c.sos,0,0,1,1
3state1ap0acc_090220_c.sos,3state1ap0acc_007300.sos,0,0,1,1
3state1ap0acc_076293_c.sos,3state1ap0acc_025652.sos,0,0,1,2
3state1ap0acc_013578_c.sos,3state1ap0acc_074765.sos,0,0,1,7
4state1ap1acc_parity_12177738915448358160.sos,3state1ap0acc_006478_c.sos,0,0,1,0
3state1ap0acc_006284.sos,2state1ap2acc_parity_0005343626_c.sos,0,0,1,1
3state1ap0acc_020568_c.sos,3state1ap0acc_025192.sos,0,0,1,2
2state2ap1acc_parity_0340040009.sos,2state2ap2acc_parity_12770986806829009029_c.sos,0,0,1,1
1state3ap1acc_15680.sos,2state3ap1acc_parity_03407342694591167522.sos,0,0,1,1
3state1ap0acc_079880.sos,3state1ap1acc_34972664996_c.sos,0,0,1,3
1state3ap1acc_16192.sos,2state3ap1acc_parity_11631107891409727696_c.sos,0,0,1,3
3state1ap0acc_079886.sos,3state1ap0acc_006788_c.sos,0,0,1,3
3state1ap0acc_006410_c.sos,3state1ap0acc_004620.sos,0,0,1,2
2state1ap2acc_parity_2195145216.sos,2state1ap2acc_parity_0005137920.sos,0,0,1,1
3state1ap1acc_18673175256.sos,3state1ap0acc_025186.sos,0,0,1,1
2state1ap2acc_parity_0004215432.sos,3state1ap0acc_075080_c.sos,1,0,1,1
3state1ap1acc_parity_24713118346.sos,3state1ap1acc_00501801994.sos,0,0,1,1
3state2ap2acc_parity_00442143975446621002174926794741649083380452.sos,3state2ap2acc_parity_03482195632060633420120722351180726207960086.sos,0,0,1,4
2state1ap2acc_parity_0144393216_c.sos,3state1ap0acc_012680_c.sos,0,0,1,1
2state1ap2acc_parity_0717635593_c.sos,3state1ap0acc_030060.sos,0,0,1,1
3state1ap0acc_025633.sos,3state1ap0acc_076300.sos,0,0,1,7
3state1ap1acc_parity_00537939912.sos,3state1ap0acc_024720.sos,0,0,1,1
2state1ap1acc_05192.sos,3state1ap0acc_086169_c.sos,1,0,1,5
2state2ap2acc_parity_08377579663558018038_c.sos,2state2ap1acc_parity_3367352592.sos,0,0,1,2
3state1ap0acc_107104_c.sos,3state1ap0acc_013389_c.sos,0,0,1,9
3state1ap0acc_012388_c.sos,2state1ap1acc_16897.sos,0,0,1,1
2state1ap2acc_parity_0005106434.sos,3state1ap0acc_081028.sos,0,0,1,3
3state1ap0acc_012682_c.sos,3state1ap0acc_081540_c.sos,0,0,1,2
3state1ap0acc_006488_c.sos,3state1ap0acc_106572_c.sos,0,0,1,2
3state1ap1acc_00089691476.sos,2state1ap2acc_parity_0407651467_c.sos,0,0,1,1
2state1ap2acc_parity_0095627264_c.sos,3state1ap0acc_025137_c.sos,0,0,1,0
3state1ap0acc_029253_c.sos,3state1ap0acc_061698.sos,0,0,1,1
3state1ap0acc_013580_c.sos,3state1ap1acc_parity_44192280590_c.sos,0,0,1,3
3state1ap0acc_029356.sos,3state1ap0acc_093192.sos,0,0,1,4
4state1ap1acc_parity_00363848402784490644.sos,3state1ap1acc_parity_00537939912_c.sos,0,0,1,1
2state2ap2acc_parity_00068208140348573865_c.sos,2state2ap2acc_parity_00751213585501483215.sos,0,0,1,2
3state1ap0acc_029966_c.sos,3state1ap0acc_061858.sos,0,0,1,4
3state2ap2acc_parity_06277156923093593464064828605713250074581072.sos,1state2ap2acc_parity_00258.sos,0,1,1,7
3state1ap0acc_090212.sos,2state1ap2acc_parity_2823242831_c.sos,0,0,1,5
3state1ap0acc_021670_c.sos,3state1ap0acc_024688.sos,0,0,1,9
2state2ap2acc_parity_11556431024991961977_c.sos,2state2ap1acc_parity_3961869223.sos,1,0,1,2
3state1ap0acc_015428_c.sos,2state1ap2acc_parity_0717635593.sos,0,0,1,15
2state1ap1acc_18816_c.sos,3state1ap0acc_012366_c.sos,0,0,1,0
2state2ap2acc_parity_10983480624563192694.sos,3state2ap1acc_parity_0040435721989567832614_c.sos,0,0,1,1
3state1ap0acc_013326.sos,3state1ap0acc_020652_c.sos,0,0,1,8
3state1ap0acc_013389_c.sos,3state1ap0acc_090628.sos,0,0,1,2
3state2ap2acc_parity_03482195632060633420120722351180726207960086.sos,1state2ap1acc_097.sos,0,1,1,3
2state2ap2acc_parity_00479293490505068693.sos,2state2ap2acc_parity_01477560257961134322.sos,0,0,1,2
3state1ap1acc_parity_34382430232.sos,3state1ap0acc_080398.sos,0,0,1,1
3state1ap0acc_093320_c.sos,3state1ap0acc_013444.sos,0,0,1,5
3state1ap0acc_025701_c.sos,3state1ap0acc_007302.sos,0,0,1,9
3state2ap1acc_parity_3900007240424791157635.sos,2state2ap2acc_parity_13920645629222492736_c.sos,0,1,1,1
3state1ap1acc_01078740549.sos,3state1ap1acc_45904040017_c.sos,0,0,1,1
3state1ap1acc_parity_43503326392.sos,3state1ap0acc_070796_c.sos,0,0,1,11
2state1ap2acc_parity_1100974856_c.sos,2state1ap2acc_parity_0001417481_c.sos,0,0,1,1
3state2ap2acc_parity_02402374494256087094923511219952545824759934_c.sos,3state2ap2acc_parity_10310622320608854909415558959226979618530038.sos,0,0,1,1
3state1ap0acc_093194.sos,3state1ap0acc_006284.sos,0,0,1,3
3state1ap0acc_021080.sos,3state1ap2acc_parity_1282809694496512603916_c.sos,0,0,1,7
3state1ap0acc_024808.sos,3state1ap0acc_012614_c.sos,0,0,1,2
3state1ap0acc_073800.sos,3state1ap0acc_013893_c.sos,0,0,1,5
3state2ap2acc_parity_04277202275612249468214677860065156699754614_c.sos,2state2ap2acc_parity_02613231945794024176.sos,0,0,1,6
2state1ap2acc_parity_1418691086_c.sos,3state1ap0acc_006406_c.sos,0,0,1,1
3state1ap0acc_069800_c.sos,2state1ap2acc_parity_1095074899.sos,0,1,1,1
3state1ap0acc_004677.sos,3state1ap0acc_091649.sos,1,0,1,1
3state1ap2acc_parity_0682827486289373906434.sos,3state1ap0acc_080452_c.sos,0,0,1,2
3state1ap1acc_00423923360.sos,2state1ap2acc_parity_0144393216_c.sos,0,0,1,2
2state3ap1acc_parity_12434465036998030150.sos,1state3ap1acc_05761.sos,0,0,1,1
3state1ap0acc_005268.sos,3state1ap0acc_006568.sos,0,0,1,3
3state1ap0acc_074776_c.sos,3state1ap0acc_070244_c.sos,0,0,1,6
3state2ap2acc_parity_18271217756210020166725179653878489223729172.sos,2state2ap1acc_parity_1813427712_c.sos,0,1,1,6
3state1ap0acc_106572.sos,3state1ap1acc_17767184896_c.sos,0,1,1,1
3state1ap0acc_075781.sos,3state1ap1acc_09254850569_c.sos,0,0,1,1
3state1ap0acc_029704_c.sos,3state1ap1acc_20401758904_c.sos,0,0,1,3
2state1ap1acc_03170.sos,3state1ap0acc_071896.sos,0,0,1,1
3state1ap1acc_parity_03967827977.sos,3state1ap1acc_17325470882.sos,0,0,1,1
2state2ap2acc_parity_09554550169789080767.sos,2state2ap2acc_parity_05818903733895315626_c.sos,0,0,1,1
3state1ap0acc_073350_c.sos,3state1ap0acc_028962.sos,0,0,1,1
3state1ap0acc_025157_c.sos,3state1ap0acc_025704_c.sos,0,0,1,2
3state1ap0acc_030872.sos,3state1ap1acc_parity_24713118346_c.sos,0,0,1,3
3state1ap0acc_106890.sos,3state1ap0acc_027185_c.sos,0,0,1,1
3state1ap1acc_00577895438.sos,3state1ap1acc_10818159298.sos,0,0,1,1
3state1ap0acc_024864.sos,3state1ap0acc_005254.sos,0,0,1,1
3state1ap0acc_090468.sos,3state1ap0acc_030088_c.sos,0,0,1,11
3state1ap0acc_029734.sos,3state1ap1acc_25917628326.sos,0,0,1,4
2state2ap1acc_parity_1645637451.sos,2state2ap2acc_parity_16334277046595201300.sos,0,0,1,1
3state2ap2acc_parity_11157535807319221292164763959929888654998235.sos,3state2ap2acc_parity_11324279776977852462179787958934211844653225_c.sos,0,0,1,8
2state1ap1acc_18048.sos,3state1ap0acc_020644.sos,0,0,1,2
2state1ap0acc_100.sos,3state1ap0acc_004764_c.sos,0,0,1,2
3state1ap0acc_078508.sos,3state1ap0acc_078421_c.sos,0,0,1,2
3state1ap0acc_030734_c.sos,2state1ap2acc_parity_0545808721_c.sos,0,0,1,4
3state1ap0acc_029708_c.sos,3state1ap1acc_44430561286.sos,0,0,1,16
4state1ap1acc_parity_14195417222003932486_c.sos,3state1ap0acc_092297.sos,0,0,1,2
2state3ap1acc_parity_10232944731772932901_c.sos,2state3ap1acc_parity_05430526625192841043.sos,0,0,1,2
1state3ap1acc_05928_c.sos,2state3ap1acc_parity_02998398176174888340_c.sos,0,0,1,2
3state1ap0acc_030792.sos,3state1ap2acc_parity_0863325839619135019271.sos,0,0,1,8
2state2ap2acc_parity_16593697657777363039.sos,3state2ap2acc_parity_13943750675243800576947638205176104053380431.sos,0,0,1,3
3state1ap0acc_025706.sos,3state1ap0acc_012388_c.sos,0,0,1,1
3state1ap0acc_029316_c.sos,3state1ap0acc_025637.sos,0,0,1,4
3state1ap0acc_031246.sos,3state1ap0acc_092169.sos,0,0,1,2
3state1ap0acc_006414.sos,3state1ap0acc_074860_c.sos,0,0,1,4
3state1ap0acc_025136.sos,3state1ap0acc_086156_c.sos,0,0,1,1
3state1ap0acc_021542_c.sos,3state1ap0acc_025106_c.sos,0,0,1,2
3state1ap0acc_007320.sos,3state1ap2acc_parity_0246980041349316193792_c.sos,0,0,1,1
3state1ap1acc_parity_02952890502.sos,2state1ap2acc_parity_0088596480.sos,0,1,1,1
3state1ap1acc_17217970752_c.sos,2state1ap0acc_053_c.sos,0,0,1,2
3state1ap0acc_006808.sos,3state1ap0acc_025976_c.sos,0,0,1,1
3state1ap0acc_106636_c.sos,3state1ap0acc_092684.sos,0,0,1,1
3state1ap0acc_074854.sos,3state1ap0acc_090629_c.sos,0,0,1,1
2state2ap2acc_parity_12115111846396485779.sos,2state2ap2acc_parity_15335883492300863140_c.sos,0,0,1,0
3state1ap0acc_112654.sos,2state1ap2acc_parity_0368715780.sos,0,0,1,2
2state2ap2acc_parity_12856971236255351261.sos,2state2ap2acc_parity_01303389374918484602_c.sos,0,0,1,2
2state1ap2acc_parity_1418691086_c.sos,2state1ap1acc_01664_c.sos,0,0,1,1
3state1ap1acc_00577895438.sos,3state1ap0acc_006488.sos,0,0,1,1
3state1ap1acc_19370344645.sos,2state1ap2acc_parity_0717767747_c.sos,0,1,1,1
3state1ap2acc_parity_2574024314207122656261_c.sos,3state1ap0acc_024928.sos,0,0,1,6
3state1ap2acc_parity_0682827486289373906434.sos,3state1ap0acc_029732.sos,0,0,1,11
3state1ap0acc_086640_c.sos,3state1ap0acc_025106_c.sos,0,0,1,4
3state1ap0acc_025249_c.sos,3state1ap0acc_013668.sos,0,0,1,12
2state2ap2acc_parity_05639336569468892253.sos,3state2ap2acc_parity_02402374494256087094923511219952545824759934.sos,0,0,1,1
3state1ap0acc_079910_c.sos,3state1ap0acc_025157.sos,0,0,1,1
2state1ap2acc_parity_0008553232_c.sos,2state1ap2acc_parity_1079880192_c.sos,0,0,1,1
4state1ap1acc_parity_05787455694434394176.sos,2state1ap2acc_parity_1528190125.sos,0,0,1,1
3state1ap0acc_080900.sos,2state1ap1acc_05760_c.sos,0,0,1,5
3state1ap0acc_006422.sos,2state1ap2acc_parity_2727298372_c.sos,0,0,1,4
2state2ap1acc_parity_4029153289_c.sos,2state2ap2acc_parity_16167537752663071043_c.sos,0,0,1,1
3state1ap1acc_07525166242.sos,2state1ap0acc_028.sos,0,1,1,1
3state1ap0acc_025184.sos,3state1ap0acc_074056_c.sos,0,0,1,1
3state1ap0acc_031244_c.sos,3state1ap0acc_005646.sos,0,0,1,5
3state2ap1acc_parity_0564429542916576318587.sos,2state2ap2acc_parity_12713164953522549350.sos,0,0,1,1
3state1ap2acc_parity_2382534542979542328591_c.sos,3state1ap0acc_075844.sos,0,0,1,11
3state1ap0acc_081476.sos,3state1ap0acc_031748.sos,0,0,1,3
3state1ap1acc_07986021488.sos,3state1ap0acc_076430_c.sos,0,0,1,5
3state1ap0acc_006670_c.sos,3state1ap0acc_078152_c.sos,0,0,1,7
3state1ap0acc_004632_c.sos,3state1ap0acc_027153_c.sos,0,0,1,0
3state1ap0acc_096268.sos,3state1ap0acc_005422_c.sos,0,0,1,1
3state1ap1acc_21510284353_c.sos,3state1ap0acc_024689.sos,0,0,1,1
3state1ap0acc_076356_c.sos,3state1ap0acc_025650_c.sos,0,0,1,3
3state1ap0acc_078024_c.sos,3state1ap0acc_029336.sos,0,0,1,2
2state2ap2acc_parity_15919108094868908105_c.sos,2state2ap2acc_parity_00300816315923964079.sos,0,0,1,2
2state2ap2acc_parity_00070780542479492635_c.sos,2state2ap2acc_parity_01477560257961134322_c.sos,0,0,1,2
3state1ap0acc_074084_c.sos,3state1ap1acc_parity_19371786357_c.sos,0,0,1,3
3state1ap0acc_004376.sos,3state1ap0acc_029864.sos,1,0,1,0
3state1ap0acc_024952_c.sos,3state1ap0acc_090212.sos,0,0,1,7
1state3ap1acc_06024_c.sos,2state3ap1acc_parity_01441688038900536962_c.sos,0,0,1,3
1state3ap1acc_01888_c.sos,2state3ap1acc_parity_08880186115674091414_c.sos,0,0,1,1
3state1ap1acc_19869226918_c.sos,3state1ap0acc_028748_c.sos,0,0,1,1
2state1ap1acc_00265.sos,3state1ap0acc_090792_c.sos,0,0,1,2
3state1ap1acc_parity_52882319568_c.sos,3state1ap1acc_43564713281.sos,0,0,1,1
2state1ap2acc_parity_0004822272_c.sos,3state1ap0acc_030734.sos,0,0,1,4
3state1ap0acc_012364_c.sos,3state1ap0acc_091209.sos,0,0,1,1
3state1ap0acc_005774.sos,3state1ap0acc_029336.sos,0,0,1,1
3state1ap0acc_007172.sos,3state1ap0acc_079381.sos,1,0,1,4
3state1ap0acc_024920_c.sos,2state1ap2acc_parity_1418691086_c.sos,0,0,1,2
3state1ap0acc_006440.sos,3state1ap0acc_005129_c.sos,1,0,1,2
3state1ap0acc_069772_c.sos,3state1ap0acc_074761.sos,0,0,1,1
3state1ap0acc_030120.sos,3state1ap1acc_07525166242.sos,1,0,1,1
2state2ap2acc_parity_01477560257961134322.sos,2state2ap2acc_parity_16788668605728738519_c.sos,0,0,1,2
3state1ap0acc_007302_c.sos,3state1ap0acc_027157_c.sos,0,0,1,5
3state1ap0acc_006788.sos,3state1ap0acc_028872_c.sos,0,0,1,1
3state1ap0acc_029090_c.sos,3state1ap0acc_021224_c.sos,0,0,1,3
3state1ap0acc_006185.sos,3state1ap0acc_013844_c.sos,0,0,1,6
3state1ap0acc_073869_c.sos,3state1ap0acc_090856.sos,1,0,1,1
3state1ap0acc_086625_c.sos,3state1ap1acc_34972664996_c.sos,0,0,1,6
3state1ap0acc_030228.sos,2state1ap2acc_parity_1528190125.sos,0,0,1,3
3state1ap0acc_029268.sos,3state1ap0acc_013401.sos,0,0,1,3
2state2ap2acc_parity_01025293266847957421_c.sos,3state2ap2acc_parity_19186316256856997050881598469353436541715496_c.sos,0,0,1,2
3state1ap0acc_013317.sos,3state1ap0acc_074344_c.sos,0,0,1,5
3state2ap2acc_parity_01547795618021375473617303844850997545774316_c.sos,2state2ap2acc_parity_11739460036733395036.sos,0,0,1,1
2state1ap2acc_parity_0719209480.sos,3state1ap1acc_44430561286_c.sos,0,1,1,1
3state1ap0acc_078857.sos,3state1ap0acc_006440_c.sos,0,0,1,8
2state1ap2acc_parity_0082224640.sos,3state1ap0acc_074852.sos,0,0,1,5
2state3ap1acc_parity_14634827115906016777.sos,1state3ap1acc_00296_c.sos,0,0,1,1
3state1ap0acc_078156.sos,2state1ap2acc_parity_0361465986.sos,0,0,1,1
3state1ap0acc_069804_c.sos,3state1ap0acc_005162.sos,0,1,1,1
3state2ap2acc_parity_09018360833568031250100806032778607703494827.sos,4state2ap1acc_parity_024429394523586172601998042540383448355_c.sos,0,0,1,3
3state1ap0acc_025112_c.sos,3state1ap0acc_013444_c.sos,0,0,1,1
3state1ap0acc_092172_c.sos,2state1ap1acc_01680_c.sos,0,0,1,5
3state1ap1acc_02752846342.sos,3state1ap0acc_074244.sos,0,0,1,0
2state1ap2acc_parity_0069045002.sos,3state1ap0acc_090190_c.sos,0,0,1,0
3state1ap0acc_007304.sos,3state1ap0acc_077988.sos,0,0,1,1
3state1ap0acc_006808_c.sos,3state1ap0acc_073828.sos,0,0,1,2
2state2ap2acc_parity_14758967385165899847.sos,1state2ap2acc_04680.sos,0,0,1,1
3state1ap0acc_013580.sos,3state1ap0acc_015688.sos,0,0,1,2
2state1ap2acc_parity_0353435695.sos,3state1ap0acc_006409.sos,0,0,1,1
3state1ap0acc_077990.sos,3state1ap0acc_070296_c.sos,0,0,1,1
3state1ap0acc_015688.sos,2state1ap2acc_parity_0027829076_c.sos,0,0,1,1
3state1ap0acc_080389_c.sos,2state1ap2acc_parity_0174933248_c.sos,0,0,1,1
3state1ap0acc_013321_c.sos,3state1ap0acc_006324.sos,0,0,1,4
3state1ap0acc_030028_c.sos,2state1ap2acc_parity_0002040328_c.sos,0,0,1,1
2state1ap1acc_06536_c.sos,2state1ap2acc_parity_0038027690_c.sos,0,0,1,0
3state1ap1acc_parity_52882319568.sos,3state1ap0acc_024769_c.sos,0,0,1,0
3state1ap2acc_parity_0171234438415938685971.sos,3state1ap0acc_080012_c.sos,0,0,1,1
2state1ap2acc_parity_0095627264.sos,3state1ap0acc_077961_c.sos,0,0,1,1
3state1ap0acc_007181_c.sos,2state1ap0acc_122.sos,0,0,1,2
2state2ap2acc_parity_11291460843865858262.sos,2state2ap2acc_parity_00206838851290704112.sos,0,0,1,2
3state1ap1acc_parity_44575000737.sos,3state1ap0acc_112654.sos,0,0,1,2
3state1ap0acc_073880.sos,3state1ap1acc_parity_54223979034.sos,0,0,1,1
3state1ap0acc_024848.sos,2state1ap2acc_parity_0089313800.sos,0,0,1,1
3state2ap2acc_parity_01174083101918747647905790431176409070175694_c.sos,3state2ap2acc_parity_08896066558672733902047915766792380907962780_c.sos,0,0,1,11
3state1ap0acc_030248.sos,3state1ap2acc_parity_0171234438415938685971_c.sos,0,0,1,2
3state1ap0acc_012377.sos,3state1ap1acc_parity_02551254100.sos,0,0,1,2
3state1ap0acc_074788_c.sos,3state1ap0acc_012552.sos,0,0,1,1
1state3ap1acc_00892.sos,1state3ap1acc_00300_c.sos,0,0,1,0
2state2ap2acc_parity_00114879962707382398.sos,2state2ap2acc_parity_03089857006815921569_c.sos,0,0,1,2
3state1ap0acc_005514.sos,3state1ap1acc_parity_02217028642.sos,0,0,1,1
3state1ap0acc_007188_c.sos,3state1ap0acc_030984.sos,0,0,1,6
3state1ap0acc_006408.sos,3state1ap0acc_030728_c.sos,0,0,1,1
3state1ap2acc_parity_1730104813266762304422.sos,3state1ap0acc_030029_c.sos,0,0,1,4
3state1ap0acc_026673_c.sos,2state1ap2acc_parity_0715295236_c.sos,0,0,1,1
3state1ap0acc_079445_c.sos,2state1ap2acc_parity_0175001344_c.sos,0,0,1,3
2state1ap2acc_parity_0015632386.sos,3state1ap0acc_075910.sos,0,0,1,2
1state3ap1acc_07008_c.sos,2state3ap1acc_parity_04051634510383129369.sos,0,0,1,1
4state2ap1acc_parity_314102322578548030632036138959883459901.sos,3state2ap2acc_parity_11196651764472471764951575104421032493189434_c.sos,0,1,1,4
3state1ap0acc_074264_c.sos,3state1ap0acc_012618.sos,0,0,1,0
3state1ap0acc_078088_c.sos,2state1ap2acc_parity_1092894811.sos,0,0,1,0
2state1ap2acc_parity_0022642818.sos,3state1ap1acc_parity_24847343626.sos,0,0,1,0
3state1ap0acc_077380_c.sos,3state1ap1acc_34564680784.sos,1,0,1,2
3state1ap0acc_027196_c.sos,3state1ap1acc_10951611776.sos,0,0,1,2
3state1ap0acc_021105.sos,3state1ap1acc_45500682644.sos,0,0,1,2
3state1ap0acc_004236_c.sos,2state1ap2acc_parity_2727298372_c.sos,0,0,1,1
3state1ap1acc_06461882422_c.sos,3state1ap0acc_025320_c.sos,0,0,1,2
2state1ap2acc_parity_0495881612.sos,3state1ap0acc_073816_c.sos,0,0,1,2
3state1ap0acc_006812_c.sos,3state1ap0acc_007814.sos,0,0,1,1
3state1ap0acc_030376.sos,3state1ap2acc_parity_3791357401319149553198.sos,0,0,1,2
3state1ap1acc_parity_35704149516.sos,3state1ap1acc_01077565512_c.sos,0,0,1,1
3state1ap0acc_023089_c.sos,3state1ap0acc_090468_c.sos,0,0,1,13
3state1ap0acc_025893_c.sos,2state1ap1acc_06532.sos,0,0,1,11
3state1ap0acc_073800_c.sos,3state1ap0acc_077961.sos,0,0,1,1
3state1ap0acc_007196_c.sos,3state1ap2acc_parity_0159152145382624922635_c.sos,0,0,1,15
3state1ap0acc_024880.sos,3state1ap0acc_024850_c.sos,0,0,1,1
2state1ap2acc_parity_0004234498.sos,2state1ap2acc_parity_0144393216_c.sos,0,0,1,1
3state1ap0acc_092424_c.sos,2state1ap1acc_16945.sos,0,0,1,7
3state1ap1acc_00473991264.sos,2state1ap1acc_18562_c.sos,0,0,1,4
3state1ap0acc_071754_c.sos,2state1ap2acc_parity_1164845312_c.sos,0,0,1,2
3state2ap2acc_parity_04290111865843214334382313628225177616302156.sos,2state2ap2acc_parity_12908514041167618154_c.sos,0,1,1,5
1state3ap1acc_05769_c.sos,2state3ap1acc_parity_05265621111752452744.sos,0,0,1,1
3state1ap0acc_112644.sos,3state1ap0acc_026680.sos,0,0,1,6
3state1ap2acc_parity_0001875479050666053122.sos,3state1ap1acc_00144094378.sos,0,0,1,1
2state1ap2acc_parity_0177134336_c.sos,3state1ap0acc_069788_c.sos,0,0,1,4
3state1ap1acc_22767130625.sos,3state1ap0acc_004230.sos,0,1,1,1
3state1ap0acc_092297_c.sos,2state1ap1acc_18050.sos,0,0,1,2
3state1ap0acc_025113.sos,3state1ap1acc_34972664996.sos,0,0,1,2
3state1ap0acc_006422_c.sos,3state1ap0acc_075942_c.sos,0,0,1,10
3state1ap0acc_074249_c.sos,3state1ap0acc_025257_c.sos,0,0,1,5
3state1ap0acc_021944.sos,3state1ap0acc_020920.sos,0,1,1,3
3state1ap0acc_090722.sos,3state1ap1acc_01112278057.sos,0,0,1,2
3state1ap0acc_025617_c.sos,3state1ap0acc_106890.sos,0,0,1,1
3state1ap0acc_074830.sos,3state1ap0acc_073996.sos,0,0,1,2
2state2ap2acc_parity_01303389374918484602.sos,2state2ap1acc_parity_0139740170_c.sos,0,0,1,2
3state1ap0acc_076808.sos,2state1ap2acc_parity_0353435695.sos,0,0,1,1
2state2ap2acc_parity_02784935455026984028_c.sos,3state2ap2acc_parity_07107231518570232295853715735618666211050569.sos,1,0,1,1
2state2ap2acc_parity_12293368285436983580.sos,2state2ap2acc_parity_00444627553941737542_c.sos,0,0,1,2
3state1ap0acc_027161.sos,3state1ap1acc_parity_02217028642.sos,0,0,1,1
3state1ap0acc_024657_c.sos,3state1ap0acc_074766_c.sos,0,0,1,2
3state1ap0acc_024737_c.sos,3state1ap0acc_079940_c.sos,0,0,1,7
2state1ap2acc_parity_0145166592_c.sos,3state1ap0acc_006310.sos,0,0,1,1
4state1ap2acc_parity_190140269992114720798438091468705858346_c.sos,4state1ap1acc_parity_12177738915448358160_c.sos,0,0,1,3
3state1ap0acc_075918_c.sos,3state1ap0acc_006280_c.sos,1,0,1,5
3state1ap0acc_090190_c.sos,3state1ap0acc_026649.sos,0,0,1,1
3state1ap0acc_028938.sos,3state1ap0acc_075844.sos,0,0,1,1
3state1ap0acc_025240_c.sos,3state1ap0acc_025360.sos,0,0,1,2
3state1ap0acc_030792.sos,2state1ap2acc_parity_0571753498.sos,0,0,1,4
2state2ap2acc_parity_08197976992496502017.sos,2state2ap2acc_parity_00504262818968334349_c.sos,0,0,1,1
2state1ap1acc_00312_c.sos,3state1ap0acc_021938_c.sos,0,1,1,1
2state1ap2acc_parity_0276924416_c.sos,3state1ap0acc_106912_c.sos,0,0,1,5
3state1ap0acc_075850.sos,2state1ap2acc_parity_0022642818_c.sos,0,0,1,2
3state1ap0acc_025890.sos,3state1ap0acc_091500_c.sos,0,0,1,1
3state1ap0acc_076324.sos,3state1ap0acc_029252.sos,0,0,1,6
3state1ap1acc_parity_34972191752.sos,2state1ap2acc_parity_2727298372.sos,0,1,1,1
4state1ap2acc_parity_002914461322280394910983122525890915648_c.sos,3state1ap0acc_029984.sos,0,0,1,3
3state1ap2acc_parity_2394189647080323615534.sos,3state1ap0acc_006426_c.sos,0,0,1,3
3state1ap0acc_025976_c.sos,3state1ap0acc_024736.sos,0,0,1,1
3state1ap0acc_030724.sos,3state1ap0acc_078504.sos,0,0,1,1
2state1ap0acc_082_c.sos,3state1ap0acc_030862.sos,0,0,1,1
3state1ap0acc_025120.sos,3state1ap1acc_parity_19596093573_c.sos,0,0,1,0
3state1ap0acc_076292.sos,3state1ap0acc_004632_c.sos,0,0,1,1
3state1ap0acc_076292_c.sos,3state1ap0acc_006172.sos,0,1,1,3
3state1ap0acc_092232.sos,3state1ap0acc_030292.sos,0,0,1,3
3state1ap0acc_004552.sos,3state1ap0acc_021936_c.sos,0,0,1,5
3state1ap0acc_029709_c.sos,3state1ap0acc_005637.sos,0,0,1,5
3state1ap0acc_006156.sos,3state1ap0acc_106572.sos,0,0,1,1
3state1ap2acc_parity_0226603284168771633733.sos,3state1ap0acc_029742.sos,0,0,1,5
3state1ap0acc_078862.sos,3state1ap0acc_029268.sos,0,0,1,5
1state3ap1acc_00394_c.sos,1state3ap1acc_03936_c.sos,0,0,1,0
3state1ap0acc_092426.sos,3state1ap0acc_026128_c.sos,0,0,1,6
3state1ap0acc_070040.sos,3state1ap0acc_075782_c.sos,0,0,1,3
3state1ap0acc_024673_c.sos,2state1ap2acc_parity_0086745169.sos,0,0,1,1
3state1ap0acc_075333_c.sos,3state1ap1acc_01077565512.sos,0,0,1,3
1state2ap2acc_parity_24840.sos,3state2ap2acc_parity_05069048157675760480829380967058744692491960_c.sos,0,0,1,3
3state1ap0acc_092302.sos,2state1ap1acc_01090.sos,0,0,1,2
4state1ap1acc_parity_00280360117663759008.sos,3state1ap1acc_19663242261.sos,0,0,1,1
3state1ap0acc_026192_c.sos,3state1ap0acc_007208_c.sos,0,0,1,4
3state1ap0acc_004362_c.sos,3state1ap0acc_072326.sos,0,0,1,0
3state1ap0acc_069784.sos,3state1ap0acc_079429.sos,0,0,1,2
3state1ap0acc_091816.sos,3state1ap0acc_030228.sos,0,0,1,4
3state1ap0acc_029205.sos,3state1ap0acc_112652.sos,0,0,1,3
3state1ap0acc_031784.sos,3state1ap0acc_004390.sos,0,0,1,2
3state1ap0acc_078857_c.sos,3state1ap0acc_024684_c.sos,0,0,1,9
3state1ap0acc_029006.sos,3state1ap1acc_01254180341.sos,0,0,1,1
3state1ap0acc_021025_c.sos,3state1ap2acc_parity_0003551095219024464900.sos,0,0,1,5
3state1ap0acc_006476_c.sos,3state1ap0acc_070026_c.sos,0,0,1,3
3state1ap1acc_11853170362_c.sos,3state1ap0acc_004536.sos,0,0,1,1
3state1ap0acc_080904.sos,3state1ap0acc_021041_c.sos,0,0,1,4
3state1ap2acc_parity_0003551095219024464900_c.sos,2state1ap2acc_parity_1345235106_c.sos,0,0,1,5
3state1ap0acc_006428_c.sos,3state1ap0acc_006413.sos,0,1,1,20
3state1ap0acc_024660_c.sos,3state1ap0acc_007300.sos,0,0,1,2
2state1ap1acc_01153.sos,2state1ap2acc_parity_1431978117.sos,0,0,1,1
4state1ap1acc_parity_00946329868362653761.sos,3state1ap0acc_006414.sos,0,0,1,3
3state1ap0acc_005134.sos,2state1ap2acc_parity_0018089248_c.sos,0,0,1,1
2state3ap1acc_parity_08801613791090661145.sos,1state3ap1acc_01785_c.sos,0,0,1,1
1state3ap1acc_26886_c.sos,2state3ap1acc_parity_15767741671280540742.sos,0,0,1,1
3state1ap0acc_070662_c.sos,2state1ap2acc_parity_1164845312.sos,0,0,1,2
3state1ap0acc_024696.sos,3state1ap0acc_079880.sos,0,0,1,1
2state1ap2acc_parity_0044706324.sos,3state1ap0acc_074392.sos,0,0,1,2
2state1ap2acc_parity_2340605713.sos,3state1ap0acc_096265_c.sos,0,0,1,1
2state1ap1acc_06528_c.sos,3state1ap0acc_090446_c.sos,0,0,1,0
3state1ap0acc_024656_c.sos,3state1ap0acc_025058.sos,0,0,1,1
3state1ap0acc_071942.sos,3state1ap0acc_072966.sos,1,0,1,12
3state1ap0acc_076805_c.sos,3state1ap0acc_030726_c.sos,0,0,1,8
1state3ap1acc_00390_c.sos,1state3ap1acc_02032_c.sos,0,0,1,0
2state1ap2acc_parity_1164845312_c.sos,3state1ap0acc_007434_c.sos,0,0,1,1
3state1ap0acc_076136.sos,3state1ap0acc_080008.sos,0,1,1,2
3state1ap0acc_020898.sos,3state1ap0acc_090629.sos,0,0,1,1
3state1ap0acc_005700.sos,3state1ap0acc_008292.sos,0,0,1,1
3state1ap0acc_015752_c.sos,3state1ap0acc_028936.sos,0,0,1,3
1state3ap1acc_06120.sos,1state3ap1acc_00424.sos,0,0,1,0
2state2ap2acc_parity_10386502084079568982_c.sos,2state2ap2acc_parity_05207513304957954670.sos,0,0,1,1
2state1ap1acc_03170.sos,3state1ap0acc_007470.sos,0,0,1,1
3state1ap0acc_074092_c.sos,3state1ap0acc_021778_c.sos,1,0,1,6
3state1ap0acc_006428_c.sos,3state1ap0acc_074261.sos,0,0,1,7
2state1ap2acc_parity_0002957056.sos,3state1ap1acc_05010262532.sos,1,0,1,1
3state1ap0acc_004236_c.sos,3state1ap1acc_00473991264_c.sos,0,0,1,3
4state1ap1acc_parity_00512655370053156929.sos,3state1ap1acc_parity_44575000737.sos,0,0,1,0
2state1ap2acc_parity_0344556040.sos,3state1ap1acc_18465629186.sos,1,0,1,1
3state1ap0acc_074825.sos,3state1ap0acc_071752.sos,0,0,1,2
3state1ap0acc_090312.sos,3state1ap0acc_005300_c.sos,0,0,1,8
3state2ap2acc_parity_04277202275612249468214677860065156699754614_c.sos,2state2ap2acc_parity_16152724482769012862.sos,0,0,1,5
3state1ap1acc_parity_24226480736_c.sos,3state1ap1acc_parity_19394793126.sos,0,0,1,1
3state1ap1acc_01468642308.sos,3state1ap2acc_parity_2394189647080323615534_c.sos,0,0,1,2
3state1ap0acc_076074.sos,3state1ap1acc_parity_44575000737.sos,0,0,1,2
2state2ap2acc_parity_00990318396378167694_c.sos,3state2ap2acc_parity_11157535807319221292164763959929888654998235.sos,0,0,1,4
3state1ap0acc_080389_c.sos,2state1ap0acc_036.sos,0,0,1,1
3state1ap1acc_00170681482.sos,3state1ap0acc_005254_c.sos,1,0,1,1
3state1ap0acc_076293_c.sos,3state1ap0acc_027185_c.sos,0,0,1,1
2state3ap1acc_parity_08050947010906979448_c.sos,1state3ap1acc_01960.sos,0,0,1,0
2state1ap1acc_17184.sos,3state1ap0acc_075116_c.sos,0,0,1,0
3state1ap0acc_076430.sos,3state1ap0acc_076425.sos,0,0,1,5
2state2ap2acc_parity_06360534675873411890_c.sos,2state2ap2acc_parity_16767473899853687770.sos,0,0,1,1
3state1ap0acc_091680_c.sos,3state1ap0acc_076136.sos,0,0,1,3
3state1ap0acc_024752.sos,3state1ap0acc_007177_c.sos,0,0,1,2
2state2ap1acc_parity_3961869223_c.sos,4state2ap1acc_parity_149259762530417424040223422070894741386.sos,1,0,1,0
3state1ap0acc_004740.sos,3state1ap0acc_069704_c.sos,0,0,1,0
3state1ap0acc_025713.sos,3state1ap0acc_090720_c.sos,0,0,1,1
3state1ap0acc_028809_c.sos,3state1ap0acc_005422_c.sos,0,0,1,1
3state1ap1acc_02756182682_c.sos,3state1ap0acc_080900.sos,0,0,1,5
1state3ap1acc_06530.sos,1state3ap1acc_02040_c.sos,0,0,1,0
2state1ap2acc_parity_0027829076.sos,3state1ap0acc_077898_c.sos,0,0,1,1
3state1ap1acc_17217970752_c.sos,3state1ap0acc_025113_c.sos,0,0,1,2
3state1ap0acc_004756_c.sos,4state1ap1acc_parity_00512655370053156929_c.sos,0,0,1,1
3state1ap0acc_072334.sos,3state1ap0acc_029252.sos,0,0,1,1
3state1ap1acc_17316852264_c.sos,3state1ap0acc_029356_c.sos,0,0,1,3
3state1ap0acc_029961_c.sos,3state1ap0acc_021041_c.sos,0,0,1,8
3state1ap0acc_005860_c.sos,3state1ap0acc_021025.sos,0,1,1,2
3state1ap0acc_013908_c.sos,3state1ap1acc_parity_19394595852_c.sos,0,0,1,4
3state1ap0acc_025889.sos,2state1ap1acc_19552.sos,0,0,1,2
3state1ap1acc_46475546712_c.sos,2state1ap2acc_parity_1418363013.sos,1,0,1,1
3state1ap0acc_026642.sos,2state1ap1acc_18752_c.sos,1,0,1,1
2state2ap1acc_parity_0672178145.sos,3state2ap2acc_parity_08920014192153606574079903209430866941080569.sos,0,0,1,7
2state1ap2acc_parity_0089473569_c.sos,3state1ap0acc_024773.sos,0,0,1,1
3state2ap2acc_parity_09898817572199818693538508525216176622867271.sos,3state2ap2acc_parity_19292204062434739838585513977313286700953855_c.sos,0,0,1,2
3state1ap0acc_024716_c.sos,3state1ap0acc_006796.sos,0,1,1,1
3state1ap0acc_026648.sos,4state1ap1acc_parity_02717922398136438273_c.sos,0,0,1,1
3state1ap0acc_031312_c.sos,3state1ap2acc_parity_2454085339158517099525_c.sos,0,0,1,3
1state2ap2acc_00390.sos,3state2ap1acc_parity_1517726177158753780180.sos,0,0,1,0
3state1ap0acc_071772_c.sos,3state1ap0acc_090628_c.sos,0,0,1,5
3state1ap0acc_106633.sos,2state1ap2acc_parity_1431978117_c.sos,0,0,1,1
2state1ap2acc_parity_0009429588_c.sos,3state1ap1acc_21242053141.sos,1,0,1,1
3state1ap0acc_024944_c.sos,3state1ap0acc_024692_c.sos,0,0,1,22
1state2ap2acc_04680_c.sos,3state2ap2acc_parity_10310622320608854909415558959226979618530038.sos,1,0,1,1
2state1ap1acc_16930.sos,3state1ap0acc_070296.sos,0,0,1,1
1state2ap2acc_00360.sos,2state2ap1acc_parity_4042692746_c.sos,0,0,1,0
3state1ap0acc_013704.sos,3state1ap2acc_parity_0157525302772576158087_c.sos,0,0,1,13
3state1ap0acc_090644_c.sos,3state1ap0acc_031249.sos,0,0,1,1
3state1ap0acc_075084_c.sos,3state1ap0acc_021670_c.sos,0,0,1,9
3state1ap0acc_028742_c.sos,3state1ap1acc_parity_00545282680_c.sos,0,0,1,1
3state1ap1acc_17316852264.sos,3state1ap0acc_030732.sos,0,0,1,4
3state1ap0acc_013641_c.sos,3state1ap0acc_029200.sos,0,0,1,1
1state3ap0acc_006_c.sos,1state3ap1acc_01584.sos,0,1,1,0
3state1ap0acc_021072_c.sos,3state1ap0acc_005422.sos,0,0,1,5
3state1ap1acc_parity_00545282680_c.sos,3state1ap0acc_070828.sos,0,1,1,8
3state1ap0acc_071822.sos,2state1ap2acc_parity_0274311170.sos,0,0,1,1
3state1ap0acc_013322.sos,3state1ap1acc_21592814912_c.sos,0,0,1,1
3state2ap1acc_parity_0231816952983769674400_c.sos,2state2ap2acc_parity_13848135222201485089_c.sos,0,0,1,2
3state1ap1acc_18255005972.sos,3state1ap0acc_006478_c.sos,0,0,1,1
2state1ap1acc_17184.sos,3state1ap0acc_079878.sos,0,0,1,3
3state1ap0acc_091652_c.sos,3state1ap0acc_074764_c.sos,0,0,1,5
3state1ap1acc_01477526538_c.sos,3state1ap0acc_096408.sos,0,0,1,4
3state1ap0acc_090728.sos,4state1ap1acc_parity_11962343464604113698.sos,0,0,1,1
3state1ap0acc_031248.sos,3state1ap0acc_007348_c.sos,0,0,1,5
2state1ap2acc_parity_0022973824.sos,3state1ap0acc_079445.sos,0,0,1,2
3state1ap1acc_parity_17355320612_c.sos,3state1ap2acc_parity_0246980041349316193792.sos,1,0,1,1
3state1ap0acc_024930_c.sos,2state1ap2acc_parity_0047726660_c.sos,0,0,1,2
3state1ap0acc_007324_c.sos,3state1ap0acc_031249.sos,0,0,1,2
3state1ap0acc_006153.sos,3state1ap0acc_005390.sos,0,0,1,1
3state1ap0acc_007206.sos,3state1ap0acc_080038.sos,0,0,1,3
1state2ap3acc_parity_0427841672.sos,3state2ap2acc_parity_04482050508236234612271751510476758146335746.sos,0,0,1,4
3state1ap0acc_096280.sos,3state1ap1acc_23974744129.sos,0,0,1,1
3state1ap1acc_02424312715.sos,3state1ap0acc_030860.sos,0,0,1,2
3state1ap0acc_031248_c.sos,3state1ap0acc_013317_c.sos,1,0,1,1
3state1ap1acc_parity_52882319568_c.sos,3state1ap0acc_007820_c.sos,0,0,1,1
2state2ap2acc_parity_00860425751346548960_c.sos,1state2ap2acc_parity_01537.sos,0,0,1,1
3state1ap1acc_00577895438.sos,3state1ap0acc_021093_c.sos,1,0,1,3
2state1ap1acc_06284_c.sos,3state1ap0acc_013317_c.sos,0,0,1,1
3state1ap0acc_090640_c.sos,3state1ap0acc_004264_c.sos,1,0,1,1
3state1ap0acc_079400_c.sos,3state1ap0acc_071768_c.sos,0,0,1,2
3state2ap1acc_parity_0887181502909337639061_c.sos,2state2ap2acc_parity_03598501441036968601.sos,0,0,1,2
3state1ap0acc_005860_c.sos,2state1ap2acc_parity_0357582722_c.sos,0,0,1,2
4state1ap2acc_parity_189524291821398297457560207943178585638.sos,3state1ap0acc_071752_c.sos,0,0,1,2
2state2ap2acc_parity_00479293490505068693_c.sos,2state2ap2acc_parity_08197976992496502017.sos,0,0,1,2
3state1ap0acc_005134.sos,3state1ap0acc_092681_c.sos,0,0,1,1
3state1ap0acc_021073.sos,4state1ap1acc_parity_04634481197156671203.sos,0,0,1,1
3state1ap0acc_013644.sos,3state1ap1acc_parity_54223979034.sos,0,0,1,1
3state1ap0acc_005668.sos,3state1ap1acc_parity_52882319568.sos,0,0,1,1
2state1ap1acc_01154.sos,3state1ap0acc_028812.sos,0,0,1,1
3state1ap0acc_004276.sos,3state1ap0acc_006422.sos,0,0,1,4
1state3ap1acc_00270.sos,1state3ap0acc_023_c.sos,0,0,1,0
3state1ap0acc_091468.sos,3state1ap1acc_44430561286_c.sos,0,0,1,1
3state1ap0acc_029976_c.sos,3state1ap1acc_01254180341.sos,1,0,1,7
2state1ap1acc_16905.sos,3state1ap2acc_parity_2382534542979542328591.sos,0,0,1,11
2state2ap2acc_parity_04857187809139062599_c.sos,2state2ap2acc_parity_05207513304957954670_c.sos,0,0,1,1
3state1ap0acc_007452_c.sos,3state1ap0acc_006200.sos,0,1,1,6
3state2ap2acc_parity_04262520061542217484639694031122322476253616.sos,2state2ap2acc_parity_14258488281636406183.sos,0,0,1,6
3state1ap0acc_024698_c.sos,3state1ap2acc_parity_1724774515019556456841.sos,0,0,1,3
3state1ap0acc_005129_c.sos,3state1ap0acc_072206.sos,0,1,1,2
3state1ap0acc_004745_c.sos,3state1ap0acc_078152_c.sos,0,0,1,1
4state1ap1acc_parity_00280360117663759008_c.sos,3state1ap2acc_parity_0157525302772576158087_c.sos,0,0,1,12
3state1ap0acc_074084_c.sos,3state1ap0acc_026680.sos,0,0,1,9
2state1ap1acc_04376_c.sos,3state1ap0acc_028772_c.sos,0,0,1,3
3state1ap2acc_parity_0047419954103847689795.sos,2state1ap2acc_parity_0177009408.sos,0,0,1,1
3state1ap1acc_04529581125.sos,3state1ap0acc_079429.sos,0,1,1,2
3state1ap0acc_013845_c.sos,2state1ap2acc_parity_0022079492_c.sos,0,0,1,5
3state1ap0acc_005129_c.sos,3state1ap0acc_078886_c.sos,0,1,1,1
3state2ap2acc_parity_02868685970756006308941870593581256658739369.sos,3state2ap2acc_parity_14146030297610143463274229651465349859267682_c.sos,0,1,1,4
2state3ap1acc_parity_01830543289898687049.sos,2state3ap1acc_parity_01190702083017216040.sos,0,0,1,4
3state1ap0acc_073860.sos,3state1ap0acc_026649.sos,0,0,1,1
3state1ap1acc_05696129584.sos,3state1ap0acc_006796_c.sos,0,0,1,2
2state2ap2acc_parity_10415250806679194641.sos,3state2ap2acc_parity_08893947446098989545847123413794979988686451_c.sos,0,0,1,2
3state1ap0acc_073894_c.sos,3state1ap0acc_030732.sos,0,0,1,5
3state1ap0acc_006430_c.sos,3state1ap0acc_012632_c.sos,0,0,1,3
3state1ap0acc_073865.sos,3state1ap0acc_090792.sos,0,0,1,1
3state1ap0acc_092684_c.sos,3state1ap0acc_025880_c.sos,0,0,1,2
3state1ap1acc_46783922256.sos,3state1ap0acc_020888_c.sos,0,0,1,7
3state1ap0acc_029336.sos,3state1ap0acc_025637.sos,0,0,1,5
3state1ap0acc_078860_c.sos,3state1ap0acc_026708.sos,0,0,1,8
3state1ap0acc_078508_c.sos,3state1ap0acc_074396.sos,0,0,1,2
3state1ap0acc_024660.sos,3state1ap1acc_20552143008_c.sos,0,0,1,2
2state1ap2acc_parity_0004496645.sos,3state1ap0acc_075348_c.sos,0,0,1,5
3state1ap0acc_020896.sos,3state1ap1acc_22687934472.sos,1,0,1,1
3state1ap0acc_006438.sos,3state1ap0acc_090690_c.sos,0,0,1,1
2state3ap1acc_parity_17186011607983164326_c.sos,1state3ap1acc_00300_c.sos,0,0,1,1
3state1ap0acc_022632.sos,2state1ap1acc_01170.sos,0,0,1,1
3state1ap0acc_013844.sos,3state1ap0acc_012620_c.sos,0,0,1,4
3state1ap0acc_005382.sos,3state1ap0acc_079940_c.sos,0,0,1,8
3state1ap0acc_013576_c.sos,2state1ap2acc_parity_0545808721_c.sos,0,0,1,1
2state1ap2acc_parity_1076404737.sos,3state1ap0acc_092681.sos,0,0,1,1
4state1ap1acc_parity_00959619355715588320_c.sos,3state1ap0acc_024910.sos,0,0,1,1
3state1ap0acc_005860.sos,2state1ap1acc_06208_c.sos,0,0,1,1
3state1ap0acc_090756.sos,3state1ap0acc_091649.sos,0,0,1,1
3state2ap2acc_parity_10044607306203383087193965712533579548107014_c.sos,3state2ap2acc_parity_18271217756210020166725179653878489223729172.sos,0,0,1,6
3state1ap0acc_012552.sos,3state1ap0acc_007708.sos,0,0,1,4
3state1ap0acc_025106.sos,3state1ap1acc_parity_54223979034.sos,0,0,1,1
3state2ap2acc_parity_00080359837673130214296192818459805122347394_c.sos,2state2ap1acc_parity_1365881096_c.sos,0,0,1,9
3state1ap0acc_024864_c.sos,3state1ap2acc_parity_0503113725281986527753.sos,0,0,1,2
3state1ap0acc_073928_c.sos,2state1ap1acc_18562_c.sos,0,0,1,2
3state1ap0acc_074760.sos,3state1ap0acc_005688_c.sos,0,0,1,3
3state1ap0acc_079884_c.sos,3state1ap0acc_024717.sos,0,0,1,1
3state1ap0acc_005388.sos,3state1ap0acc_074325_c.sos,0,0,1,3
3state1ap0acc_080012_c.sos,3state1ap0acc_012361.sos,0,0,1,1
2state1ap0acc_019.sos,3state1ap0acc_079882_c.sos,0,0,1,1
3state1ap0acc_025637.sos,3state1ap0acc_029088.sos,0,0,1,4
3state1ap0acc_077128_c.sos,2state1ap2acc_parity_1413805336_c.sos,0,0,1,1
3state1ap0acc_021676_c.sos,3state1ap0acc_025272_c.sos,0,0,1,6
3state1ap1acc_24160168166_c.sos,3state1ap0acc_111008.sos,1,0,1,2
3state2ap2acc_parity_02225287432583565045627619612700794790776537.sos,2state2ap2acc_parity_11089358721432334784_c.sos,0,0,1,4
3state1ap0acc_071308.sos,3state1ap0acc_075788_c.sos,0,0,1,3
3state1ap1acc_00265838612_c.sos,3state1ap0acc_031236.sos,0,0,1,1
3state1ap0acc_025221.sos,2state1ap1acc_00300_c.sos,0,0,1,0
3state1ap0acc_090693_c.sos,2state1ap2acc_parity_0075547220_c.sos,0,0,1,2
2state2ap2acc_parity_00289891630156527747.sos,3state2ap2acc_parity_03482195632060633420120722351180726207960086.sos,0,0,1,3
3state1ap1acc_22281070770.sos,3state1ap0acc_073869.sos,0,0,1,0
3state1ap0acc_025272_c.sos,3state1ap0acc_021778_c.sos,0,0,1,7
2state1ap2acc_parity_0004496645.sos,2state1ap2acc_parity_0173097769.sos,0,0,1,1
3state2ap2acc_parity_04578420297325349813570541954026539647043821_c.sos,3state2ap2acc_parity_04396263878180991706233891487063055629705865_c.sos,0,0,1,21
2state1ap2acc_parity_1082231338.sos,3state1ap0acc_007684_c.sos,0,0,1,2
3state1ap1acc_43021293649_c.sos,2state1ap2acc_parity_0014700292_c.sos,0,0,1,1
2state1ap0acc_028.sos,3state1ap0acc_076805.sos,0,0,1,5
3state1ap0acc_025120.sos,3state1ap0acc_080906_c.sos,0,0,1,2
2state1ap2acc_parity_0009589509_c.sos,2state1ap2acc_parity_0004527624_c.sos,1,0,1,1
2state1ap1acc_16899.sos,3state1ap0acc_030724_c.sos,0,0,1,1
3state1ap0acc_013606_c.sos,3state1ap0acc_093704.sos,0,0,1,4
3state1ap0acc_074022_c.sos,2state1ap1acc_00265_c.sos,0,0,1,1
3state1ap0acc_026641_c.sos,3state1ap0acc_005164_c.sos,0,0,1,1
3state1ap0acc_007814.sos,3state1ap0acc_071064.sos,0,0,1,7
2state3ap1acc_parity_02738846096277145868_c.sos,1state3ap1acc_05633_c.sos,0,0,1,3
3state1ap0acc_004662.sos,3state1ap0acc_005390_c.sos,0,0,1,1
3state1ap1acc_44430561286.sos,2state1ap2acc_parity_0005327658_c.sos,0,0,1,1
4state1ap1acc_parity_12643858153061091635.sos,3state1ap0acc_061510.sos,0,0,1,1
2state1ap1acc_16912.sos,3state1ap0acc_013592.sos,0,0,1,6
3state1ap0acc_024857.sos,2state1ap2acc_parity_0545808721.sos,0,0,1,0
3state1ap0acc_069800.sos,3state1ap0acc_004677_c.sos,1,0,1,1
3state2ap2acc_parity_18181927234692996982511550779449148087771687_c.sos,2state2ap1acc_parity_3779266730.sos,1,0,1,1
3state1ap0acc_005646.sos,3state1ap0acc_005692_c.sos,0,0,1,7
3state1ap0acc_012556_c.sos,3state1ap1acc_parity_19394595852.sos,0,0,1,0
2state1ap2acc_parity_0005137920.sos,3state1ap0acc_106600.sos,0,0,1,3
3state1ap1acc_34496190112.sos,3state1ap0acc_080396_c.sos,0,0,1,2
2state1ap2acc_parity_0007767584_c.sos,3state1ap1acc_06461882422.sos,0,0,1,1
2state1ap2acc_parity_2154185733.sos,3state1ap0acc_005800_c.sos,0,0,1,2
3state1ap0acc_090476.sos,3state1ap0acc_007436_c.sos,0,0,1,8
2state1ap2acc_parity_0005106434.sos,3state1ap0acc_071822.sos,0,0,1,1
3state1ap0acc_025625_c.sos,3state1ap0acc_005166.sos,0,0,1,2
3state1ap0acc_076301.sos,3state1ap0acc_004696.sos,0,1,1,4
2state1ap2acc_parity_0005036034_c.sos,3state1ap0acc_005257.sos,0,0,1,1
3state1ap0acc_090446.sos,3state1ap0acc_080516_c.sos,0,1,1,0
2state1ap2acc_parity_0082086912.sos,3state1ap2acc_parity_3791357401319149553198_c.sos,0,0,1,1
3state1ap2acc_parity_0606935064164989750689_c.sos,3state1ap0acc_007436.sos,0,0,1,4
3state1ap0acc_029994_c.sos,3state1ap0acc_025113_c.sos,0,0,1,1
3state1ap0acc_080068_c.sos,2state1ap1acc_06600.sos,0,0,1,2
3state1ap0acc_091468_c.sos,3state1ap0acc_005128.sos,0,1,1,1
3state1ap0acc_020617.sos,3state1ap0acc_020904.sos,0,0,1,2
3state1ap0acc_091464_c.sos,3state1ap1acc_24160168166_c.sos,0,0,1,1
3state1ap1acc_21174945986.sos,3state1ap0acc_077924.sos,0,0,1,1
2state1ap2acc_parity_0086686273_c.sos,3state1ap0acc_025169.sos,0,0,1,3
3state1ap1acc_05671138568.sos,3state1ap1acc_05412549892_c.sos,0,1,1,1
2state2ap2acc_parity_12448253426692137018_c.sos,2state2ap2acc_parity_03465359446847513186.sos,0,0,1,1
3state1ap0acc_006174.sos,2state1ap2acc_parity_0021669632.sos,0,0,1,1
3state1ap1acc_43564713281_c.sos,3state1ap0acc_007204_c.sos,0,0,1,1
2state2ap2acc_parity_10430654284039064651_c.sos,2state2ap2acc_parity_12000547282478703909_c.sos,0,0,1,2
3state1ap0acc_024906.sos,3state1ap0acc_025826.sos,0,0,1,1
3state1ap0acc_020644.sos,3state1ap0acc_013318.sos,0,0,1,2
4state1ap1acc_parity_00811778505763562526.sos,3state1ap0acc_026649_c.sos,0,0,1,1
1state2ap2acc_00390.sos,2state2ap2acc_parity_14256415268443652305.sos,0,0,1,0
3state1ap0acc_012550_c.sos,3state1ap0acc_004392.sos,0,0,1,0
3state1ap0acc_070026_c.sos,2state1ap2acc_parity_0717767747.sos,0,0,1,1
2state3ap1acc_parity_15357921336697816972_c.sos,2state3ap1acc_parity_16128623979917688319_c.sos,0,1,1,1
3state1ap0acc_004364.sos,3state1ap0acc_025880_c.sos,0,0,1,2
2state1ap2acc_parity_1101285640_c.sos,3state1ap0acc_004248.sos,0,1,1,1
3state1ap1acc_00491390405.sos,3state1ap0acc_074056_c.sos,0,0,1,1
3state1ap0acc_006154_c.sos,3state1ap0acc_020890.sos,0,1,1,2
3state1ap0acc_004440_c.sos,3state1ap0acc_007206.sos,0,0,1,3
3state1ap0acc_012628_c.sos,2state1ap2acc_parity_0027829076_c.sos,0,0,1,2
2state1ap2acc_parity_2695495705_c.sos,3state1ap0acc_031246.sos,0,0,1,1
3state1ap1acc_44331016324_c.sos,3state1ap0acc_025689.sos,0,0,1,1
3state1ap1acc_11853170362_c.sos,2state1ap2acc_parity_2751987743.sos,0,0,1,0
2state1ap2acc_parity_0015632386_c.sos,3state1ap0acc_078180.sos,0,0,1,2
3state1ap0acc_027153_c.sos,3state1ap0acc_030225_c.sos,0,0,1,5
2state1ap2acc_parity_0000152660.sos,3state1ap0acc_080396.sos,0,0,1,2
3state1ap0acc_075805.sos,3state1ap0acc_020890_c.sos,0,0,1,2
3state1ap0acc_029325_c.sos,3state1ap2acc_parity_0202938255164409266256_c.sos,0,0,1,0
3state1ap1acc_19370344645_c.sos,3state1ap1acc_17926488192_c.sos,1,0,1,3
3state2ap2acc_parity_16884132279407532480703606267251685447664892.sos,4state2ap1acc_parity_087860931723403189306831271074627807980_c.sos,0,0,1,12
3state1ap0acc_013972.sos,3state1ap0acc_075908_c.sos,0,0,1,4
3state1ap0acc_004677.sos,3state1ap2acc_parity_2509786589937695033090_c.sos,0,0,1,2
2state1ap1acc_06600_c.sos,3state1ap0acc_007174.sos,0,0,1,1
2state1ap2acc_parity_0006465024.sos,3state1ap0acc_006296.sos,0,0,1,1
3state1ap0acc_013420.sos,3state1ap0acc_069804_c.sos,0,0,1,3
3state1ap0acc_006276_c.sos,3state1ap0acc_021025.sos,0,1,1,1
3state1ap0acc_005816_c.sos,3state1ap2acc_parity_1282704417945169446419_c.sos,0,0,1,6
3state1ap0acc_078568_c.sos,3state1ap0acc_070072.sos,0,0,1,1
3state1ap0acc_005130.sos,2state1ap2acc_parity_0138479656.sos,0,0,1,1
3state1ap0acc_005678.sos,3state1ap0acc_021657_c.sos,0,0,1,6
2state2ap2acc_parity_08197976992496502017.sos,2state2ap2acc_parity_01254663047608141875_c.sos,0,0,1,1
3state1ap0acc_005773.sos,2state1ap2acc_parity_0023610368.sos,0,0,1,1
3state1ap0acc_070292.sos,3state1ap0acc_029416_c.sos,0,0,1,3
3state2ap2acc_parity_06693205695944724627338013644209761949474990.sos,3state2ap2acc_parity_13322400562467511889208063629341661021480178_c.sos,0,0,1,8
1state3ap1acc_27030.sos,1state3ap1acc_27540_c.sos,0,0,1,0
3state2ap2acc_parity_01174083101918747647905790431176409070175694.sos,2state2ap2acc_parity_03520342633829766419_c.sos,0,0,1,4
2state2ap2acc_parity_12908514041167618154.sos,2state2ap2acc_parity_04630318344642327802_c.sos,0,0,1,2
3state1ap0acc_112780.sos,2state1ap2acc_parity_0022079492_c.sos,0,0,1,1
3state1ap0acc_005284.sos,3state1ap0acc_005774_c.sos,0,0,1,1
2state1ap2acc_parity_1095074899_c.sos,3state1ap0acc_092169.sos,0,0,1,1
2state1ap1acc_01732_c.sos,3state1ap0acc_004264_c.sos,0,0,1,1
2state2ap2acc_parity_13901927466966844579_c.sos,2state2ap2acc_parity_03520663292383319141_c.sos,0,0,1,2
3state1ap0acc_092744_c.sos,3state1ap0acc_021041.sos,0,0,1,1
3state1ap0acc_073996.sos,3state1ap0acc_006164_c.sos,1,0,1,1
2state1ap2acc_parity_0076048976.sos,3state1ap0acc_025618.sos,0,0,1,1
3state1ap0acc_073830.sos,3state1ap0acc_013972_c.sos,0,0,1,4
3state1ap0acc_070312_c.sos,3state1ap0acc_078421_c.sos,0,0,1,3
3state1ap0acc_005638_c.sos,3state1ap0acc_013318_c.sos,0,0,1,2
3state2ap2acc_parity_07715988424303351654421832419712511907809387.sos,1state2ap2acc_parity_01545.sos,0,1,1,3
3state1ap1acc_18389167266_c.sos,3state1ap0acc_021145_c.sos,1,0,1,2
3state2ap2acc_parity_08632103109370685489075402317144299585136363_c.sos,2state2ap2acc_parity_12726839051350068302_c.sos,0,0,1,1
3state1ap0acc_028809.sos,2state1ap2acc_parity_0014700292_c.sos,1,0,1,1
2state2ap2acc_parity_11144870640630149925_c.sos,4state2ap1acc_parity_067179283036350073190634628178954400287.sos,0,0,1,0
3state1ap0acc_073868.sos,3state1ap0acc_013324.sos,0,0,1,1
3state1ap0acc_027165.sos,3state1ap0acc_013829_c.sos,0,0,1,8
3state1ap1acc_17926488192.sos,2state1ap2acc_parity_0019047233_c.sos,0,0,1,2
2state1ap2acc_parity_0007767584_c.sos,3state1ap0acc_075972.sos,0,0,1,2
2state1ap1acc_01668.sos,3state1ap0acc_004646.sos,0,0,1,0
3state1ap0acc_005732.sos,3state1ap0acc_012682_c.sos,0,0,1,3
3state1ap1acc_06712019249_c.sos,3state1ap1acc_01284765696.sos,0,0,1,1
3state1ap1acc_21895069968_c.sos,3state1ap0acc_012584.sos,0,0,1,1
2state2ap2acc_parity_17406412568756735376_c.sos,1state2ap2acc_00292_c.sos,0,0,1,0
3state1ap0acc_004261.sos,3state1ap0acc_074825_c.sos,0,0,1,1
2state1ap2acc_parity_0001417481_c.sos,2state1ap2acc_parity_0361080842_c.sos,0,0,1,1
3state1ap0acc_025232_c.sos,3state1ap1acc_parity_54223979034.sos,0,0,1,2
3state1ap0acc_007212.sos,3state1ap0acc_020896_c.sos,1,0,1,8
3state2ap2acc_parity_10310622320608854909415558959226979618530038_c.sos,2state2ap2acc_parity_09402322022421084398_c.sos,0,0,1,2
3state1ap0acc_077316.sos,3state1ap0acc_004488_c.sos,0,0,1,4
2state1ap2acc_parity_1345235106_c.sos,3state1ap0acc_020636_c.sos,0,0,1,3
3state1ap0acc_024737.sos,3state1ap0acc_020898.sos,0,0,1,2
3state2ap2acc_parity_08939319538470863295370836391193994385511558_c.sos,2state2ap2acc_parity_03965744933853960312.sos,0,0,1,5
3state1ap0acc_025688_c.sos,2state1ap2acc_parity_2154185733.sos,0,0,1,9
2state2ap2acc_parity_06971460696046574991_c.sos,1state2ap2acc_parity_04612_c.sos,1,0,1,1
2state1ap2acc_parity_0039407872.sos,3state1ap0acc_087196_c.sos,0,0,1,4
2state1ap1acc_17186_c.sos,3state1ap0acc_029800_c.sos,0,0,1,0
3state2ap2acc_parity_00562463549485585570550779078553317438690419_c.sos,3state2ap2acc_parity_09079851157978165178008566079464972714364601_c.sos,0,0,1,4
2state2ap2acc_parity_11679875609628993503_c.sos,3state2ap2acc_parity_05159874766097851869424855309416343993653297_c.sos,0,0,1,4
3state1ap0acc_069804.sos,3state1ap0acc_079444.sos,0,0,1,2
2state2ap2acc_parity_16157150384219361423.sos,1state2ap2acc_00352.sos,0,0,1,1
3state1ap0acc_031384_c.sos,3state1ap0acc_080388_c.sos,0,0,1,1
3state1ap0acc_004358.sos,3state1ap0acc_071966.sos,0,0,1,0
2state1ap2acc_parity_0002797312.sos,3state1ap1acc_10818159298.sos,1,0,1,2
3state1ap1acc_02383774432.sos,3state1ap0acc_020696.sos,0,0,1,8
3state1ap0acc_006164_c.sos,3state1ap0acc_078356.sos,0,0,1,1
1state3ap1acc_06181.sos,1state3ap1acc_00424.sos,0,0,1,0
3state1ap0acc_090796.sos,3state1ap1acc_22687934472_c.sos,0,0,1,2
3state1ap0acc_005129_c.sos,3state1ap0acc_004248_c.sos,0,0,1,1
3state1ap0acc_025625.sos,3state1ap2acc_parity_0060745595278284511253.sos,0,0,1,4
4state1ap1acc_parity_00252217007046873636.sos,3state1ap0acc_021096.sos,0,0,1,1
4state1ap1acc_parity_12177738915448358160_c.sos,3state1ap1acc_00144094378.sos,0,0,1,1
3state1ap0acc_070072_c.sos,3state1ap0acc_028836_c.sos,0,0,1,7
1state2ap1acc_097.sos,3state2ap2acc_parity_10310622320608854909415558959226979618530038_c.sos,0,0,1,1
3state1ap1acc_43021293649_c.sos,3state1ap1acc_34436025552.sos,0,0,1,0
3state1ap0acc_025637.sos,3state1ap0acc_075910.sos,0,0,1,5
3state1ap0acc_029356_c.sos,3state1ap0acc_005304_c.sos,0,0,1,4
3state1ap0acc_026132_c.sos,2state1ap2acc_parity_0682573952_c.sos,0,0,1,5
3state1ap0acc_006570.sos,2state1ap2acc_parity_1163278594.sos,0,0,1,2
3state1ap0acc_013580.sos,2state1ap2acc_parity_1092168202.sos,0,0,1,2
3state1ap0acc_113158.sos,3state1ap1acc_parity_23899477002_c.sos,0,0,1,0
2state2ap2acc_parity_10685643933995436799.sos,2state2ap2acc_parity_06371523214819767226_c.sos,0,0,1,2
3state1ap0acc_026640.sos,3state1ap0acc_025882.sos,0,0,1,2
3state2ap2acc_parity_07715988424303351654421832419712511907809387.sos,2state2ap2acc_parity_10792587304444124408_c.sos,0,0,1,3
3state1ap0acc_029804_c.sos,3state1ap0acc_074244_c.sos,0,0,1,2
2state2ap2acc_parity_10685643933995436799_c.sos,3state2ap2acc_parity_12258343071654534878950452694072230708138203.sos,0,0,1,1
3state1ap0acc_007332.sos,3state1ap0acc_076868.sos,0,0,1,10
3state1ap0acc_078088.sos,2state1ap0acc_100.sos,0,0,1,0
2state1ap2acc_parity_0541081604.sos,3state1ap0acc_025157_c.sos,0,0,1,2
3state1ap0acc_079884_c.sos,3state1ap0acc_075910_c.sos,0,0,1,4
2state2ap2acc_parity_03465359446847513186_c.sos,3state2ap2acc_parity_16062070664843909880647987779447071953006640_c.sos,0,0,1,1
3state1ap0acc_025688_c.sos,3state1ap1acc_00712069129_c.sos,0,0,1,9
3state2ap1acc_parity_2841456117262211123363_c.sos,2state2ap2acc_parity_13920645629222492736.sos,0,0,1,1
2state1ap2acc_parity_0004295586_c.sos,2state1ap2acc_parity_0069904465.sos,0,0,1,1
2state1ap2acc_parity_0138479656_c.sos,3state1ap0acc_030726.sos,0,0,1,1
2state1ap2acc_parity_1160421898.sos,3state1ap0acc_025633_c.sos,0,0,1,2
